UID,APPROPRIATENESS,CONTENT_RICHNESS,GRAMMATICAL_CORRECTNESS,RELEVANCE
TEST-000000-0001,4.5,4.0,4.5,5.0
TEST-000001-0001,2.5,2.0,3.5,1.0
TEST-000002-0001,4.5,4.5,5.0,5.0
TEST-000002-0002,3.0,4.333333333333333,4.5,2.0
TEST-000002-0003,3.75,4.333333333333333,4.5,4.5
TEST-000003-0001,3.0,3.75,4.5,3.5
TEST-000004-0001,3.0,1.0,1.0,0.0
TEST-000004-0002,3.5,2.0,4.5,2.0
TEST-000004-0003,4.5,2.0,4.5,3.0
TEST-000004-0004,2.5,4.5,4.5,2.0
TEST-000004-0005,4.75,4.0,4.5,3.0
TEST-000004-0006,3.5,2.0,4.5,2.0
TEST-000004-0007,4.25,4.0,4.5,3.5
TEST-000004-0008,4.25,2.0,4.5,3.0
TEST-000004-0009,4.25,4.0,4.5,3.0
TEST-000004-0010,4.25,2.0,5.0,2.0
TEST-000004-0011,4.8,4.0,4.5,3.5
TEST-000004-0012,2.0,2.0,4.0,1.0
TEST-000004-0013,4.25,2.0,5.0,3.0
TEST-000004-0014,2.5,1.0,2.0,2.0
TEST-000004-0015,4.8,4.0,5.0,4.5
TEST-000004-0016,4.0,1.0,5.0,2.0
TEST-000004-0017,4.5,4.333333333333333,4.5,4.5
TEST-000004-0018,3.0,1.0,1.0,1.0
TEST-000004-0019,2.5,1.0,5.0,1.0
TEST-000004-0020,3.0,1.0,3.0,1.0
TEST-000004-0021,2.5,4.0,2.0,2.0
TEST-000004-0022,2.0,1.0,2.0,1.0
TEST-000004-0023,2.5,2.0,4.5,1.0
TEST-000004-0024,2.0,2.0,2.0,1.0
TEST-000004-0025,3.5,2.0,4.5,1.0
TEST-000004-0026,2.5,1.0,3.5,1.0
TEST-000004-0027,3.5,2.0,4.5,1.0
TEST-000004-0028,2.5,1.0,3.5,1.0
TEST-000004-0029,3.5,2.0,4.5,1.0
TEST-000004-0030,2.5,1.0,4.5,1.0
TEST-000004-0031,3.5,1.0,4.5,1.0
TEST-000004-0032,2.5,1.0,5.0,1.0
TEST-000004-0033,3.5,2.0,4.5,5.0
TEST-000004-0034,2.5,1.0,2.0,1.0
TEST-000004-0035,2.5,2.0,4.5,2.0
TEST-000004-0036,2.5,1.0,5.0,1.0
TEST-000004-0037,3.5,2.0,4.5,3.0
TEST-000004-0038,2.0,1.0,2.0,1.0
TEST-000004-0039,4.25,2.0,4.5,5.0
TEST-000004-0040,2.5,1.0,5.0,1.0
TEST-000004-0041,4.25,2.0,4.5,2.0
TEST-000005-0001,4.0,4.0,4.5,4.5
TEST-000005-0002,3.5,2.5,4.5,2.5
TEST-000005-0003,4.5,3.6666666666666665,4.5,3.6666666666666665
TEST-000006-0001,2.5,4.0,3.5,4.0
TEST-000006-0002,4.75,1.0,0.5,2.0
TEST-000006-0003,1.5,1.0,0.0,0.5
TEST-000007-0001,2.5,1.0,0.5,0.2
TEST-000007-0002,2.5,1.0,0.5,2.0
TEST-000007-0003,2.5,1.0,0.5,2.0
TEST-000007-0004,3.5,3.5,1.0,2.5
TEST-000007-0005,1.0,4.0,5.0,0.0
TEST-000007-0006,2.0,1.0,0.2,2.0
TEST-000007-0007,1.0,4.0,1.0,5.0
TEST-000007-0008,3.5,1.0,0.0,2.0
TEST-000007-0009,2.0,1.0,0.0,4.0
TEST-000007-0010,4.5,4.0,1.0,4.5
TEST-000007-0011,2.0,1.0,0.0,5.0
TEST-000007-0012,4.5,3.5,0.5,4.5
TEST-000007-0013,1.0,1.0,1.0,5.0
TEST-000007-0014,3.5,1.0,0.0,2.5
TEST-000007-0015,1.0,1.0,1.0,4.5
TEST-000007-0016,1.0,4.5,0.0,5.0
TEST-000007-0017,4.5,1.0,1.0,4.0
TEST-000007-0018,3.5,4.5,0.5,4.0
TEST-000007-0019,2.0,4.5,0.5,4.0
TEST-000007-0020,4.25,3.5,0.5,4.5
TEST-000007-0021,1.0,1.0,0.5,5.0
TEST-000007-0022,2.5,1.0,0.0,4.0
TEST-000007-0023,2.5,4.5,0.0,4.0
TEST-000007-0024,2.5,1.0,0.0,4.0
TEST-000007-0025,2.5,1.0,0.0,2.0
TEST-000007-0026,1.0,1.0,0.0,0.0
TEST-000007-0027,2.0,1.0,1.0,5.0
TEST-000007-0028,2.5,3.5,0.0,4.0
TEST-000008-0001,4.5,4.0,4.5,4.0
TEST-000009-0001,2.5,3.0,4.0,5.0
TEST-000010-0001,4.75,3.5,4.5,4.5
TEST-000010-0002,3.0,1.0,3.0,1.0
TEST-000010-0003,4.8,4.0,1.0,4.5
TEST-000010-0004,1.0,4.0,0.5,0.0
TEST-000010-0005,4.5,4.5,0.8,4.5
TEST-000010-0006,1.0,1.0,1.0,5.0
TEST-000010-0007,4.5,4.0,0.6666666666666666,4.5
TEST-000010-0008,3.5,1.0,1.0,4.0
TEST-000010-0009,3.5,3.0,1.0,4.0
TEST-000010-0010,1.0,4.0,0.0,2.0
TEST-000010-0011,4.5,3.5,0.6666666666666666,4.0
TEST-000010-0012,1.5,4.0,0.0,4.0
TEST-000010-0013,4.5,3.0,1.0,4.0
TEST-000010-0014,2.5,3.0,1.0,4.0
TEST-000010-0015,4.5,3.5,1.0,4.0
TEST-000010-0016,2.0,1.0,1.0,0.0
TEST-000010-0017,4.5,3.0,1.0,4.0
TEST-000010-0018,2.0,1.0,1.0,2.0
TEST-000010-0019,4.0,3.5,1.0,4.0
TEST-000011-0001,3.5,3.0,0.5,4.0
TEST-000011-0002,3.5,3.0,0.5,3.0
TEST-000011-0003,3.5,3.0,0.5,3.5
TEST-000011-0004,3.0,3.0,0.5,4.0
TEST-000011-0005,4.5,3.0,0.6666666666666666,4.0
TEST-000011-0006,3.5,3.0,0.6666666666666666,1.0
TEST-000011-0007,2.0,2.0,0.6,3.0
TEST-000011-0008,4.5,3.0,0.6,4.0
TEST-000011-0009,4.0,3.0,0.2,4.0
TEST-000011-0010,3.5,1.0,0.0,1.0
TEST-000011-0011,2.0,1.0,1.0,1.0
TEST-000011-0012,2.0,1.0,1.0,3.0
TEST-000011-0013,4.5,1.0,1.0,5.0
TEST-000011-0014,4.5,3.0,1.0,4.0
TEST-000011-0015,2.0,1.0,1.0,1.0
TEST-000011-0016,2.0,1.0,0.0,1.0
TEST-000011-0017,3.0,1.0,1.0,3.0
TEST-000011-0018,3.5,4.0,1.0,3.0
TEST-000011-0019,1.0,1.0,0.0,1.0
TEST-000011-0020,4.5,3.0,0.6666666666666666,4.0
TEST-000011-0021,1.0,1.0,0.0,1.0
TEST-000011-0022,2.0,1.0,0.0,4.0
TEST-000011-0023,3.5,3.0,0.6666666666666666,3.0
TEST-000011-0024,4.5,3.5,0.6666666666666666,4.5
TEST-000011-0025,2.0,1.0,0.1666666666666666,3.0
TEST-000011-0026,4.5,3.0,0.6666666666666666,4.0
TEST-000011-0027,2.0,4.5,0.0,1.0
TEST-000011-0028,3.0,4.0,0.0,1.0
TEST-000011-0029,1.0,1.0,0.0,1.0
TEST-000011-0030,1.0,1.0,0.0,0.0
TEST-000011-0031,4.5,1.0,1.0,1.0
TEST-000011-0032,2.0,1.0,0.0,1.0
TEST-000011-0033,4.0,4.0,0.6666666666666666,1.0
TEST-000011-0034,3.5,1.0,1.0,4.0
TEST-000012-0001,1.5,4.0,2.5,2.0
TEST-000013-0001,2.5,2.5,3.5,2.0
TEST-000013-0002,4.75,1.0,0.5,2.5
TEST-000013-0003,1.0,1.0,0.0,1.0
TEST-000014-0001,1.0,1.0,2.0,1.0
TEST-000014-0002,4.75,4.0,2.0,3.5
TEST-000014-0003,3.25,4.5,3.5,1.0
TEST-000014-0004,3.5,4.5,3.0,1.0
TEST-000014-0005,2.25,3.5,4.0,1.0
TEST-000014-0006,3.25,4.5,3.0,1.0
TEST-000014-0007,0.25,4.75,3.0,1.0
TEST-000014-0008,3.25,4.75,2.0,1.0
TEST-000014-0009,0.5,4.75,1.0,1.0
TEST-000014-0010,3.5,2.0,3.0,3.0
TEST-000014-0011,2.0,1.0,4.0,4.0
TEST-000014-0012,2.25,4.75,1.0,3.5
TEST-000014-0013,4.5,4.0,1.0,4.0
TEST-000014-0014,3.5,2.0,4.5,2.0
TEST-000014-0015,3.0,1.0,1.0,5.0
TEST-000014-0016,3.0,1.0,1.0,3.0
TEST-000014-0017,1.0,1.0,0.5,1.0
TEST-000014-0018,3.5,4.5,1.0,4.5
TEST-000014-0019,4.0,4.0,1.0,5.0
TEST-000014-0020,2.0,3.0,1.0,3.0
TEST-000014-0021,3.0,4.0,1.0,4.0
TEST-000014-0022,2.0,1.0,0.0,3.0
TEST-000014-0023,1.0,1.0,0.0,1.0
TEST-000014-0024,2.0,4.0,1.0,4.0
TEST-000014-0025,1.5,1.0,0.0,1.0
TEST-000014-0026,1.0,1.0,0.0,1.0
TEST-000014-0027,2.0,1.0,1.0,3.0
TEST-000014-0028,2.5,4.0,0.5,3.6666666666666665
TEST-000014-0029,3.0,1.0,1.0,4.0
TEST-000014-0030,2.5,3.5,1.0,2.0
TEST-000014-0031,1.0,1.0,0.0,1.0
TEST-000014-0032,2.0,3.0,1.0,4.0
TEST-000014-0033,2.0,1.0,1.0,1.0
TEST-000014-0034,2.0,1.0,0.6666666666666666,3.0
TEST-000015-0001,3.5,4.25,4.5,3.0
TEST-000015-0002,2.0,2.0,1.25,1.0
TEST-000016-0001,3.5,1.0,3.0,1.0
TEST-000016-0002,3.5,2.0,4.5,2.0
TEST-000016-0003,2.5,4.5,4.5,1.0
TEST-000016-0004,2.5,2.0,4.0,1.0
TEST-000016-0005,3.5,3.0,4.5,2.0
TEST-000016-0006,1.0,2.0,2.0,1.0
TEST-000016-0007,1.0,2.0,2.0,1.0
TEST-000016-0008,1.0,1.0,4.5,1.0
TEST-000016-0009,2.0,2.0,2.0,4.0
TEST-000016-0010,3.5,4.0,4.0,4.5
TEST-000016-0011,2.0,4.5,4.5,4.5
TEST-000016-0012,3.5,4.5,4.0,4.5
TEST-000016-0013,2.0,4.5,2.0,2.0
TEST-000016-0014,1.5,1.0,3.0,1.0
TEST-000016-0015,2.5,4.5,4.0,4.5
TEST-000016-0016,1.0,1.0,2.0,1.0
TEST-000016-0017,2.0,1.0,2.0,1.0
TEST-000016-0018,1.0,1.0,2.0,1.0
TEST-000016-0019,3.5,1.0,2.5,4.0
TEST-000016-0020,1.75,4.333333333333333,2.5,1.0
TEST-000016-0021,2.0,2.0,2.0,1.0
TEST-000016-0022,2.0,1.0,2.0,1.0
TEST-000016-0023,2.0,1.0,2.0,1.0
TEST-000016-0024,1.0,1.0,2.0,1.0
TEST-000016-0025,2.0,2.0,4.0,4.0
TEST-000016-0026,2.5,4.0,4.0,4.0
TEST-000017-0001,5.0,4.5,4.75,4.5
TEST-000017-0002,3.5,3.0,4.5,1.0
TEST-000017-0003,4.8,4.333333333333333,4.75,4.5
TEST-000017-0004,2.0,3.0,3.5,1.0
TEST-000017-0005,4.8,4.666666666666667,4.75,4.5
TEST-000017-0006,1.0,1.0,0.0,1.0
TEST-000017-0007,2.5,4.0,5.0,1.0
TEST-000017-0008,1.5,4.666666666666667,3.0,1.0
TEST-000017-0009,2.5,4.0,4.0,4.0
TEST-000017-0010,1.0,1.0,3.0,1.0
TEST-000017-0011,4.5,4.0,4.5,4.0
TEST-000017-0012,3.5,2.0,2.0,4.0
TEST-000017-0013,5.0,4.0,4.5,5.0
TEST-000017-0014,1.0,1.0,3.5,4.0
TEST-000017-0015,4.25,4.0,4.5,4.0
TEST-000017-0016,1.0,2.0,3.0,1.0
TEST-000017-0017,4.25,3.0,4.0,3.0
TEST-000017-0018,3.0,2.6666666666666665,4.0,4.0
TEST-000017-0019,5.0,4.0,4.5,4.0
TEST-000017-0020,3.0,1.0,1.0,1.0
TEST-000017-0021,4.25,3.0,4.5,4.0
TEST-000017-0022,1.0,1.0,3.0,1.0
TEST-000017-0023,2.5,2.0,4.0,4.0
TEST-000017-0024,1.0,1.0,3.0,1.0
TEST-000017-0025,3.5,4.0,4.5,4.0
TEST-000017-0026,2.5,4.0,3.0,1.0
TEST-000017-0027,4.5,4.0,4.5,4.0
TEST-000017-0028,1.0,1.0,0.0,1.0
TEST-000017-0029,4.25,4.0,4.5,4.0
TEST-000017-0030,2.5,1.0,3.5,4.0
TEST-000017-0031,4.5,4.666666666666667,4.5,4.5
TEST-000017-0032,2.0,1.0,5.0,1.0
TEST-000017-0033,3.5,1.0,5.0,4.0
TEST-000017-0034,1.0,1.0,5.0,1.0
TEST-000017-0035,2.5,1.0,5.0,1.0
TEST-000017-0036,5.0,1.0,5.0,5.0
TEST-000017-0037,3.5,1.0,5.0,1.0
TEST-000017-0038,5.0,1.0,5.0,5.0
TEST-000017-0039,5.0,1.0,5.0,5.0
TEST-000018-0001,4.5,4.5,4.5,5.0
TEST-000018-0002,1.5,1.0,3.5,2.0
TEST-000018-0003,3.5,3.6666666666666665,4.75,4.666666666666667
TEST-000018-0004,4.5,1.0,4.0,4.0
TEST-000018-0005,4.5,4.5,4.75,4.666666666666667
TEST-000018-0006,1.0,1.0,1.0,1.0
TEST-000018-0007,4.5,4.0,4.75,4.5
TEST-000018-0008,1.0,2.0,4.0,1.0
TEST-000018-0009,4.75,4.5,4.5,4.666666666666667
TEST-000018-0010,1.0,1.0,0.0,1.0
TEST-000018-0011,4.75,4.5,5.0,5.0
TEST-000018-0012,1.0,2.0,3.0,1.0
TEST-000018-0013,4.75,4.5,4.5,4.666666666666667
TEST-000018-0014,3.0,4.0,3.0,1.0
TEST-000018-0015,4.5,4.0,5.0,5.0
TEST-000018-0016,4.5,4.0,5.0,5.0
TEST-000018-0017,4.5,4.0,4.5,4.5
TEST-000018-0018,1.0,2.0,0.0,1.0
TEST-000018-0019,3.5,4.0,4.5,4.5
TEST-000018-0020,2.5,1.0,3.0,5.0
TEST-000018-0021,4.75,4.5,4.5,5.0
TEST-000018-0022,1.0,2.0,4.5,1.0
TEST-000018-0023,3.5,4.5,4.5,2.0
TEST-000018-0024,1.0,2.0,0.0,1.0
TEST-000018-0025,4.5,4.0,4.5,4.5
TEST-000018-0026,3.0,1.0,0.0,1.0
TEST-000018-0027,3.5,4.0,4.5,2.5
TEST-000018-0028,1.0,2.0,4.5,1.0
TEST-000018-0029,4.5,4.0,4.5,5.0
TEST-000018-0030,1.0,1.0,0.0,1.0
TEST-000018-0031,4.5,4.5,4.5,4.5
TEST-000019-0001,1.5,3.5,3.5,1.0
TEST-000020-0001,2.25,3.5,3.5,1.0
TEST-000020-0002,4.75,4.0,4.5,2.5
TEST-000020-0003,3.5,4.5,4.5,3.0
TEST-000020-0004,4.75,4.75,4.5,3.5
TEST-000020-0005,4.75,4.75,4.5,3.0
TEST-000020-0006,3.5,4.0,0.6666666666666666,4.0
TEST-000020-0007,2.5,3.5,0.5,2.0
TEST-000020-0008,3.5,3.5,0.6666666666666666,3.0
TEST-000020-0009,2.0,2.5,0.5,3.0
TEST-000020-0010,3.5,3.0,0.6666666666666666,3.0
TEST-000020-0011,1.0,1.0,0.0,0.0
TEST-000020-0012,3.5,2.0,0.6666666666666666,2.0
TEST-000021-0001,3.5,1.0,3.0,1.0
TEST-000022-0001,1.0,1.0,3.0,0.0
TEST-000023-0001,3.0,1.0,0.0,1.0
TEST-000024-0001,4.5,4.25,4.5,4.5
TEST-000025-0001,1.0,1.0,1.0,1.0
TEST-000026-0001,4.5,2.5,4.0,2.0
TEST-000027-0001,2.5,3.5,0.5,3.0
TEST-000027-0002,4.5,3.5,0.6666666666666666,3.0
TEST-000027-0003,4.5,4.0,4.5,4.0
TEST-000028-0001,3.5,4.0,5.0,4.5
TEST-000028-0002,1.0,1.0,1.0,1.0
TEST-000028-0003,4.5,4.0,4.5,2.5
TEST-000028-0004,1.0,1.0,0.0,1.0
TEST-000028-0005,4.5,4.0,4.5,1.0
TEST-000028-0006,1.0,0.0,0.0,3.0
TEST-000028-0007,4.0,2.0,4.5,1.0
TEST-000028-0008,1.0,1.0,1.0,1.0
TEST-000028-0009,4.8,4.333333333333333,4.5,2.0
TEST-000029-0001,2.5,1.0,0.5,0.0
TEST-000029-0002,2.75,3.0,0.5,0.5
TEST-000029-0003,1.5,1.0,0.5,0.0
TEST-000030-0001,1.0,1.0,5.0,5.0
TEST-000031-0001,4.5,1.0,5.0,5.0
TEST-000032-0001,2.5,3.0,0.5,3.0
TEST-000032-0002,4.5,3.5,0.6666666666666666,3.0
TEST-000032-0003,4.5,3.5,1.0,4.0
TEST-000033-0001,4.5,4.0,4.5,4.5
TEST-000034-0001,3.0,1.0,0.0,1.0
TEST-000035-0001,4.5,4.0,3.5,3.0
TEST-000036-0001,3.5,3.0,4.5,4.0
TEST-000037-0001,1.0,4.0,1.0,1.0
TEST-000037-0002,3.75,4.0,1.0,4.0
TEST-000037-0003,3.75,3.5,1.0,3.0
TEST-000038-0001,3.5,4.0,4.0,4.5
TEST-000038-0002,1.5,3.333333333333333,0.9,2.5
TEST-000038-0003,2.5,1.0,0.0,0.5
TEST-000039-0001,3.25,4.5,4.5,3.5
TEST-000039-0002,2.25,4.75,4.0,3.5
TEST-000039-0003,3.25,3.5,0.6666666666666666,4.0
TEST-000040-0001,1.0,1.0,1.0,1.0
TEST-000040-0002,4.25,4.75,4.5,4.5
TEST-000040-0003,3.25,4.75,3.5,3.5
TEST-000040-0004,3.25,4.5,3.5,4.5
TEST-000040-0005,3.25,4.5,3.5,4.0
TEST-000040-0006,3.25,3.75,3.5,4.5
TEST-000040-0007,0.5,1.0,1.0,1.0
TEST-000040-0008,2.25,3.75,3.0,1.0
TEST-000040-0009,2.5,4.5,3.5,1.0
TEST-000040-0010,3.25,3.75,3.5,3.5
TEST-000040-0011,3.5,2.5,3.5,2.0
TEST-000040-0012,3.5,4.75,3.0,4.5
TEST-000040-0013,3.5,2.5,3.5,2.0
TEST-000040-0014,1.0,1.0,0.0,1.0
TEST-000041-0001,4.0,2.0,2.5,5.0
TEST-000041-0002,4.5,4.0,4.5,5.0
TEST-000041-0003,1.0,1.0,1.0,1.0
TEST-000041-0004,2.5,3.75,3.5,2.5
TEST-000041-0005,1.0,2.0,2.5,1.0
TEST-000041-0006,3.5,1.0,4.5,4.5
TEST-000041-0007,4.25,3.5,3.5,4.5
TEST-000041-0008,1.0,2.0,3.0,4.0
TEST-000041-0009,1.5,2.5,2.0,1.0
TEST-000041-0010,4.25,2.5,4.25,4.5
TEST-000041-0011,1.0,1.0,0.0,5.0
TEST-000041-0012,4.25,3.5,4.0,1.0
TEST-000041-0013,1.5,3.5,0.0,2.0
TEST-000041-0014,4.25,3.5,0.6666666666666666,4.5
TEST-000041-0015,1.5,1.0,0.0,1.0
TEST-000041-0016,2.5,1.0,1.0,5.0
TEST-000041-0017,3.0,1.0,0.0,4.0
TEST-000041-0018,4.5,1.0,1.0,4.0
TEST-000041-0019,2.0,1.0,0.0,1.0
TEST-000041-0020,3.5,3.5,0.0,2.0
TEST-000041-0021,2.5,1.0,0.0,2.0
TEST-000041-0022,3.5,1.0,1.0,2.0
TEST-000041-0023,2.0,1.0,0.0,1.0
TEST-000041-0024,1.0,1.0,0.0,1.0
TEST-000041-0025,3.5,1.0,1.0,5.0
TEST-000041-0026,4.25,4.5,0.6666666666666666,4.0
TEST-000041-0027,3.5,1.0,1.0,4.0
TEST-000041-0028,4.25,3.0,0.6666666666666666,4.166666666666667
TEST-000041-0029,2.5,3.0,0.0,4.0
TEST-000041-0030,1.0,1.0,0.0,0.0
TEST-000041-0031,2.5,1.0,0.0,2.0
TEST-000041-0032,1.0,1.0,0.0,1.0
TEST-000041-0033,1.0,1.0,0.0,1.0
TEST-000041-0034,2.5,1.0,0.0,1.0
TEST-000041-0035,2.5,1.0,0.0,1.0
TEST-000041-0036,1.0,1.0,0.0,1.0
TEST-000041-0037,1.0,5.0,1.0,1.0
TEST-000041-0038,2.5,4.5,0.0,2.0
TEST-000041-0039,2.5,4.0,0.5,4.0
TEST-000041-0040,4.25,3.0,0.0,4.0
TEST-000041-0041,1.0,1.0,0.0,1.0
TEST-000041-0042,3.5,4.0,0.6666666666666666,4.0
TEST-000041-0043,2.5,4.0,1.0,4.0
TEST-000041-0044,2.5,1.0,1.0,1.0
TEST-000041-0045,3.5,4.5,0.6666666666666666,4.0
TEST-000041-0046,2.5,1.0,0.0,4.0
TEST-000041-0047,1.0,1.0,0.0,1.0
TEST-000041-0048,1.0,1.0,0.0,5.0
TEST-000041-0049,2.5,4.0,0.0,2.0
TEST-000041-0050,3.5,1.0,0.0,1.0
TEST-000042-0001,4.5,4.5,4.5,4.5
TEST-000042-0002,4.5,4.5,2.0,1.0
TEST-000042-0003,4.25,4.5,4.5,1.0
TEST-000042-0004,4.5,3.5,4.5,1.0
TEST-000042-0005,4.5,3.5,2.5,2.0
TEST-000042-0006,2.0,1.0,2.0,1.0
TEST-000042-0007,4.25,2.0,4.0,2.0
TEST-000042-0008,2.0,2.0,5.0,2.0
TEST-000042-0009,2.5,2.0,3.5,3.0
TEST-000042-0010,1.0,1.0,2.0,1.0
TEST-000042-0011,4.25,2.0,4.5,2.0
TEST-000042-0012,4.5,2.0,4.5,2.0
TEST-000042-0013,4.5,4.0,4.5,3.0
TEST-000042-0014,4.5,4.0,4.5,2.0
TEST-000042-0015,4.5,4.0,4.5,3.5
TEST-000042-0016,3.0,4.0,3.0,1.0
TEST-000042-0017,4.5,2.0,5.0,3.5
TEST-000042-0018,2.0,2.0,5.0,1.0
TEST-000042-0019,4.5,4.0,5.0,3.0
TEST-000042-0020,4.25,2.0,4.5,3.0
TEST-000042-0021,4.25,2.0,4.5,2.0
TEST-000042-0022,2.0,4.5,2.0,0.0
TEST-000042-0023,4.25,4.0,4.5,1.0
TEST-000042-0024,2.5,4.0,4.5,1.0
TEST-000042-0025,4.25,4.0,4.5,3.0
TEST-000042-0026,1.0,2.0,5.0,2.0
TEST-000042-0027,3.5,4.0,4.5,2.0
TEST-000042-0028,3.5,2.0,4.5,2.0
TEST-000042-0029,3.5,4.0,5.0,4.5
TEST-000043-0001,3.5,3.25,4.5,3.0
TEST-000043-0002,4.0,4.25,4.5,3.0
TEST-000043-0003,4.5,3.5,1.0,4.5
TEST-000043-0004,1.0,1.0,0.0,0.0
TEST-000043-0005,3.5,4.5,4.5,4.5
TEST-000043-0006,1.0,1.0,0.0,1.0
TEST-000043-0007,2.5,3.5,0.0,4.5
TEST-000043-0008,2.0,1.0,0.0,4.0
TEST-000043-0009,4.5,3.5,1.0,4.5
TEST-000043-0010,2.0,1.0,0.0,1.0
TEST-000043-0011,4.5,3.5,1.0,4.0
TEST-000043-0012,3.0,4.0,0.5,4.0
TEST-000043-0013,4.5,4.0,1.0,4.5
TEST-000043-0014,1.0,2.5,5.0,1.0
TEST-000043-0015,4.5,3.5,1.0,4.0
TEST-000043-0016,1.0,1.0,0.0,0.0
TEST-000043-0017,3.5,3.5,1.0,4.0
TEST-000043-0018,3.0,1.0,0.0,4.5
TEST-000043-0019,4.5,4.0,1.0,4.5
TEST-000043-0020,3.0,3.5,1.0,4.0
TEST-000043-0021,4.5,4.5,1.0,4.5
TEST-000043-0022,2.0,3.5,0.0,4.5
TEST-000043-0023,4.5,3.5,1.0,4.0
TEST-000043-0024,1.0,1.0,1.0,2.0
TEST-000043-0025,4.5,4.0,1.0,4.5
TEST-000043-0026,3.0,1.0,0.0,2.0
TEST-000043-0027,4.5,3.5,1.0,4.5
TEST-000043-0028,2.0,1.0,1.0,4.5
TEST-000043-0029,3.5,3.5,0.6666666666666666,4.5
TEST-000043-0030,2.0,1.0,0.0,3.0
TEST-000043-0031,4.5,3.0,1.0,4.0
TEST-000043-0032,2.0,1.0,0.0,1.0
TEST-000043-0033,4.5,4.5,4.5,4.5
TEST-000043-0034,2.0,4.5,0.0,4.0
TEST-000043-0035,4.5,4.5,1.0,4.5
TEST-000043-0036,2.0,1.0,0.0,2.0
TEST-000043-0037,4.5,4.0,0.6666666666666666,4.5
TEST-000043-0038,2.0,1.0,1.0,1.0
TEST-000043-0039,4.5,1.0,1.0,5.0
TEST-000044-0001,4.5,4.0,5.0,5.0
TEST-000044-0002,1.0,1.0,0.0,0.0
TEST-000044-0003,3.5,4.0,3.5,1.0
TEST-000044-0004,2.0,1.0,2.0,1.0
TEST-000044-0005,4.75,4.0,0.8333333333333334,2.0
TEST-000044-0006,1.0,1.0,0.0,0.0
TEST-000044-0007,4.75,4.5,1.0,4.5
TEST-000044-0008,3.0,1.0,0.3333333333333333,0.0
TEST-000044-0009,4.5,4.5,1.0,5.0
TEST-000044-0010,3.0,4.5,1.0,0.0
TEST-000044-0011,4.5,4.5,0.8333333333333334,4.0
TEST-000044-0012,3.0,4.5,0.0,1.0
TEST-000044-0013,4.5,4.5,1.0,5.0
TEST-000044-0014,3.5,4.0,4.5,4.0
TEST-000044-0015,4.25,4.666666666666667,4.5,5.0
TEST-000044-0016,2.0,4.0,0.5,4.0
TEST-000044-0017,4.5,4.0,1.0,5.0
TEST-000044-0018,3.0,1.0,0.0,2.0
TEST-000044-0019,3.5,3.5,0.0,5.0
TEST-000045-0001,4.25,4.5,4.5,4.0
TEST-000045-0002,2.0,1.0,5.0,1.0
TEST-000045-0003,4.5,3.0,4.75,2.0
TEST-000045-0004,1.0,3.0,4.5,1.0
TEST-000045-0005,2.0,4.5,4.5,1.0
TEST-000045-0006,4.0,3.0,4.5,3.5
TEST-000045-0007,3.75,3.0,4.5,3.5
TEST-000045-0008,1.0,2.0,3.5,1.0
TEST-000045-0009,4.75,4.5,4.5,4.5
TEST-000045-0010,2.5,3.0,4.5,3.0
TEST-000045-0011,4.0,4.5,4.5,4.5
TEST-000045-0012,1.0,1.0,1.0,1.0
TEST-000045-0013,4.5,3.5,4.75,4.75
TEST-000045-0014,3.0,1.0,5.0,2.0
TEST-000045-0015,4.75,2.0,4.5,3.5
TEST-000045-0016,3.5,2.0,4.5,3.0
TEST-000045-0017,3.75,3.5,4.5,3.5
TEST-000045-0018,1.0,1.0,0.0,1.0
TEST-000045-0019,5.0,5.0,5.0,5.0
TEST-000045-0020,1.0,1.0,5.0,1.0
TEST-000045-0021,4.0,4.5,4.5,4.5
TEST-000045-0022,2.5,3.5,4.5,1.0
TEST-000045-0023,4.75,4.5,4.5,4.5
TEST-000045-0024,1.0,1.0,2.0,1.0
TEST-000045-0025,4.75,4.5,4.5,4.5
TEST-000045-0026,2.5,4.5,2.5,2.0
TEST-000045-0027,3.75,4.666666666666667,4.5,4.333333333333333
TEST-000046-0001,1.0,4.0,2.0,1.0
TEST-000047-0001,4.0,4.0,1.0,5.0
TEST-000048-0001,2.5,1.0,5.0,1.0
TEST-000049-0001,1.0,1.0,1.0,1.0
TEST-000050-0001,4.0,4.25,4.5,4.5
TEST-000051-0001,4.75,4.0,4.5,4.5
TEST-000051-0002,1.0,1.0,2.5,0.0
TEST-000051-0003,2.5,4.333333333333333,4.75,4.5
TEST-000051-0004,1.0,1.0,2.0,1.0
TEST-000051-0005,4.5,4.0,4.5,4.5
TEST-000051-0006,2.0,3.0,1.0,1.0
TEST-000051-0007,4.5,4.0,4.5,4.5
TEST-000051-0008,1.5,3.0,3.0,3.0
TEST-000051-0009,4.5,4.0,4.5,4.5
TEST-000051-0010,2.0,4.0,3.0,4.0
TEST-000051-0011,3.5,4.0,4.5,4.5
TEST-000051-0012,1.0,1.0,0.0,1.0
TEST-000051-0013,2.75,3.5,4.5,4.0
TEST-000051-0014,3.0,1.0,0.0,1.0
TEST-000051-0015,4.75,4.0,4.5,4.5
TEST-000051-0016,1.0,1.0,3.0,1.0
TEST-000051-0017,4.5,4.666666666666667,4.5,4.5
TEST-000051-0018,1.0,4.0,3.0,4.0
TEST-000051-0019,4.0,4.0,4.5,4.0
TEST-000051-0020,1.0,3.0,2.0,4.0
TEST-000051-0021,2.5,4.0,4.5,4.0
TEST-000051-0022,1.0,1.0,3.5,1.0
TEST-000051-0023,4.0,4.0,4.5,4.5
TEST-000051-0024,2.5,4.5,3.5,4.0
TEST-000051-0025,4.75,4.5,5.0,4.5
TEST-000051-0026,4.75,4.0,4.5,4.5
TEST-000051-0027,4.25,4.0,4.5,4.5
TEST-000051-0028,3.75,4.0,5.0,4.0
TEST-000051-0029,4.75,4.0,4.5,4.5
TEST-000051-0030,2.5,3.0,4.5,4.0
TEST-000051-0031,3.75,4.0,4.5,4.0
TEST-000052-0001,4.5,4.0,4.5,4.0
TEST-000052-0002,4.0,0.5,4.5,5.0
TEST-000052-0003,3.5,4.0,4.5,4.5
TEST-000052-0004,3.5,3.0,1.0,2.0
TEST-000052-0005,4.5,4.0,0.8333333333333334,4.5
TEST-000052-0006,3.5,3.0,4.5,3.0
TEST-000052-0007,4.5,4.0,4.5,4.5
TEST-000052-0008,3.5,3.0,4.5,4.0
TEST-000052-0009,4.8,3.0,4.5,4.0
TEST-000052-0010,3.5,3.0,4.0,4.0
TEST-000052-0011,4.5,4.333333333333333,4.0,5.0
TEST-000052-0012,2.5,1.0,3.0,3.0
TEST-000052-0013,4.5,4.0,1.0,5.0
TEST-000052-0014,2.5,1.0,1.0,0.2
TEST-000052-0015,4.25,4.333333333333333,1.0,4.5
TEST-000052-0016,3.0,1.0,1.0,1.0
TEST-000052-0017,4.5,3.333333333333333,0.6666666666666666,0.0
TEST-000052-0018,3.0,1.0,0.0,0.0
TEST-000052-0019,3.5,4.5,0.0,0.0
TEST-000052-0020,3.0,1.0,0.0,0.0
TEST-000052-0021,3.5,4.333333333333333,0.0,0.0
TEST-000052-0022,2.5,0.0,0.0,0.0
TEST-000052-0023,4.5,4.333333333333333,4.0,4.5
TEST-000052-0024,3.5,4.333333333333333,0.6666666666666666,0.8333333333333333
TEST-000052-0025,4.5,4.333333333333333,1.0,1.0
TEST-000052-0026,2.5,1.0,0.0,0.0
TEST-000052-0027,4.5,4.333333333333333,0.8333333333333334,4.5
TEST-000052-0028,2.0,1.0,1.0,0.0
TEST-000052-0029,3.5,1.0,0.0,0.5
TEST-000053-0001,2.0,1.0,1.0,3.0
TEST-000054-0001,3.25,3.0,0.6,5.0
TEST-000054-0002,2.5,4.0,0.0,4.0
TEST-000054-0003,2.25,1.0,0.6,3.0
TEST-000054-0004,3.25,4.0,0.0,1.0
TEST-000054-0005,2.25,3.0,4.0,1.0
TEST-000054-0006,4.5,3.0,1.0,4.0
TEST-000054-0007,4.5,4.0,0.5,4.5
TEST-000054-0008,4.5,3.5,1.0,4.0
TEST-000054-0009,4.5,3.0,1.0,5.0
TEST-000054-0010,4.5,3.5,1.0,4.0
TEST-000054-0011,4.5,3.5,1.0,4.0
TEST-000054-0012,4.5,3.5,1.0,4.0
TEST-000054-0013,4.5,3.0,1.0,4.0
TEST-000054-0014,4.5,3.0,1.0,4.0
TEST-000054-0015,4.5,3.0,1.0,4.0
TEST-000054-0016,3.5,3.0,1.0,4.0
TEST-000054-0017,4.5,3.0,0.0,3.0
TEST-000054-0018,2.5,3.5,0.0,2.0
TEST-000054-0019,2.0,1.0,1.0,4.0
TEST-000054-0020,1.0,1.0,0.0,1.0
TEST-000054-0021,3.5,3.5,1.0,4.0
TEST-000054-0022,2.0,3.5,1.0,4.0
TEST-000054-0023,2.0,3.5,1.0,4.0
TEST-000054-0024,4.5,4.5,1.0,4.0
TEST-000054-0025,1.0,1.0,0.0,2.0
TEST-000054-0026,4.5,4.5,0.6666666666666666,4.5
TEST-000054-0027,2.0,3.5,0.0,2.0
TEST-000054-0028,3.5,3.5,1.0,4.166666666666667
TEST-000054-0029,2.0,3.5,1.0,2.0
TEST-000054-0030,2.0,4.5,1.0,4.0
TEST-000054-0031,3.0,1.0,1.0,5.0
TEST-000054-0032,2.0,3.5,1.0,3.0
TEST-000054-0033,3.5,3.5,1.0,4.0
TEST-000054-0034,3.5,4.0,0.6666666666666666,4.0
TEST-000054-0035,1.0,4.0,0.0,1.0
TEST-000054-0036,2.0,3.0,1.0,4.0
TEST-000054-0037,1.0,1.0,0.0,1.0
TEST-000054-0038,2.0,3.5,0.0,1.0
TEST-000054-0039,2.0,3.5,0.0,3.0
TEST-000054-0040,3.5,3.5,0.0,2.0
TEST-000054-0041,3.5,1.0,1.0,2.0
TEST-000054-0042,2.0,4.5,0.6666666666666666,2.0
TEST-000055-0001,2.0,2.0,2.0,1.0
TEST-000056-0001,4.75,4.0,4.5,4.5
TEST-000057-0001,4.75,4.5,4.5,4.5
TEST-000057-0002,2.5,2.0,4.5,3.0
TEST-000057-0003,4.75,3.0,4.5,4.5
TEST-000057-0004,1.0,1.0,1.0,1.0
TEST-000057-0005,4.75,4.0,4.75,1.0
TEST-000057-0006,2.5,1.0,4.0,1.0
TEST-000057-0007,4.75,3.0,0.6666666666666666,4.0
TEST-000057-0008,2.5,1.0,4.5,1.0
TEST-000057-0009,4.75,3.0,4.75,4.0
TEST-000057-0010,2.5,1.0,3.0,1.0
TEST-000057-0011,4.75,4.0,4.5,4.0
TEST-000057-0012,2.5,1.0,3.5,1.0
TEST-000057-0013,4.75,4.0,1.0,4.0
TEST-000057-0014,2.5,3.0,0.0,0.0
TEST-000057-0015,4.5,4.0,4.0,4.5
TEST-000057-0016,2.5,3.5,0.0,4.0
TEST-000057-0017,4.75,3.5,1.0,4.0
TEST-000057-0018,1.0,1.0,1.0,1.0
TEST-000057-0019,4.75,4.333333333333333,4.75,4.5
TEST-000057-0020,0.5,1.0,3.0,0.0
TEST-000057-0021,2.5,4.333333333333333,0.6666666666666666,4.5
TEST-000057-0022,2.5,4.0,3.5,4.0
TEST-000057-0023,4.75,4.333333333333333,4.0,4.0
TEST-000057-0024,3.75,4.5,0.0,4.0
TEST-000057-0025,4.75,4.0,4.0,4.5
TEST-000057-0026,2.5,1.0,0.0,0.0
TEST-000057-0027,4.75,4.5,1.0,4.5
TEST-000057-0028,4.5,4.5,1.0,4.0
TEST-000057-0029,4.75,4.333333333333333,1.0,4.5
TEST-000057-0030,3.75,4.5,0.0,4.5
TEST-000057-0031,4.5,4.0,1.0,4.5
TEST-000058-0001,2.0,2.0,1.0,1.0
TEST-000058-0002,3.75,4.0,0.6666666666666666,4.5
TEST-000058-0003,1.5,1.0,0.0,0.5
TEST-000059-0001,4.75,4.0,4.5,4.0
TEST-000060-0001,3.0,5.0,5.0,1.0
TEST-000060-0002,2.0,2.5,4.5,4.0
TEST-000060-0003,1.0,4.5,2.0,1.0
TEST-000060-0004,2.5,4.0,3.5,3.5
TEST-000060-0005,2.0,4.0,2.5,1.0
TEST-000060-0006,2.0,1.0,1.0,1.0
TEST-000060-0007,2.0,2.0,3.5,2.0
TEST-000060-0008,2.5,3.0,4.5,5.0
TEST-000060-0009,3.5,3.25,3.5,3.0
TEST-000060-0010,3.5,2.333333333333333,0.0,2.0
TEST-000060-0011,4.5,4.0,4.5,4.5
TEST-000060-0012,3.5,2.5,3.5,2.0
TEST-000060-0013,4.5,1.0,0.5,4.5
TEST-000060-0014,2.5,1.0,0.5,4.0
TEST-000060-0015,4.5,1.0,0.5,5.0
TEST-000060-0016,4.5,3.5,0.6666666666666666,4.5
TEST-000060-0017,2.0,2.0,3.5,1.0
TEST-000060-0018,2.5,4.25,3.5,1.0
TEST-000060-0019,4.0,1.0,1.0,2.0
TEST-000060-0020,3.5,3.5,0.6666666666666666,2.0
TEST-000060-0021,3.5,1.0,1.0,3.0
TEST-000060-0022,4.5,3.5,0.8,4.0
TEST-000060-0023,1.0,1.0,0.0,1.0
TEST-000060-0024,4.5,3.5,0.8,4.0
TEST-000060-0025,3.5,3.5,0.6666666666666666,4.0
TEST-000060-0026,3.5,3.5,0.6666666666666666,2.0
TEST-000060-0027,4.5,1.0,1.0,4.0
TEST-000060-0028,3.5,3.5,0.5,2.0
TEST-000060-0029,4.5,4.0,1.0,4.0
TEST-000060-0030,4.5,3.5,1.0,2.0
TEST-000060-0031,4.5,4.5,1.0,4.0
TEST-000060-0032,4.5,4.5,0.6666666666666666,4.0
TEST-000060-0033,2.5,1.0,1.0,1.0
TEST-000060-0034,3.5,3.5,0.0,4.0
TEST-000061-0001,3.5,2.0,4.0,2.0
TEST-000062-0001,1.0,1.0,3.0,4.0
TEST-000063-0001,3.5,3.0,4.5,5.0
TEST-000064-0001,3.5,4.25,4.5,4.5
TEST-000065-0001,4.5,4.5,4.75,4.5
TEST-000065-0002,1.0,4.5,1.0,1.0
TEST-000065-0003,4.25,4.0,4.5,4.0
TEST-000065-0004,1.0,1.0,2.5,1.0
TEST-000065-0005,4.5,4.0,5.0,1.0
TEST-000065-0006,1.0,4.0,4.0,1.0
TEST-000065-0007,4.5,4.0,4.5,4.0
TEST-000065-0008,2.0,4.666666666666667,4.5,2.0
TEST-000065-0009,4.5,4.0,4.5,4.0
TEST-000065-0010,3.0,1.0,3.5,1.0
TEST-000065-0011,3.5,3.5,4.5,3.5
TEST-000065-0012,3.0,1.0,3.0,1.0
TEST-000065-0013,3.75,4.0,4.5,1.0
TEST-000065-0014,3.0,2.0,3.0,1.0
TEST-000065-0015,4.5,4.0,4.5,1.0
TEST-000065-0016,3.0,1.0,3.0,1.0
TEST-000065-0017,5.0,2.0,5.0,2.0
TEST-000065-0018,3.0,1.0,3.0,0.0
TEST-000065-0019,1.5,4.0,4.5,1.0
TEST-000065-0020,1.0,2.0,2.0,1.0
TEST-000065-0021,5.0,4.5,4.75,5.0
TEST-000065-0022,3.0,2.5,3.0,0.0
TEST-000065-0023,4.75,4.0,4.5,5.0
TEST-000065-0024,1.0,2.0,1.0,1.0
TEST-000065-0025,4.25,4.0,4.5,2.5
TEST-000065-0026,1.5,2.0,3.0,1.0
TEST-000065-0027,4.25,4.0,4.5,4.25
TEST-000065-0028,1.0,2.0,2.0,1.0
TEST-000065-0029,4.5,2.0,4.5,2.0
TEST-000065-0030,3.5,2.5,3.0,2.0
TEST-000065-0031,4.25,3.0,4.5,5.0
TEST-000066-0001,2.5,3.0,4.5,3.0
TEST-000067-0001,4.75,1.0,5.0,5.0
TEST-000068-0001,2.25,1.0,0.2,1.0
TEST-000068-0002,1.0,1.0,0.5,1.0
TEST-000068-0003,2.0,1.0,1.0,2.0
TEST-000068-0004,4.5,1.0,1.0,3.0
TEST-000068-0005,2.0,1.0,1.0,2.0
TEST-000068-0006,3.5,1.0,0.0,4.5
TEST-000068-0007,2.5,1.0,0.0,2.0
TEST-000068-0008,4.5,3.5,0.5,4.0
TEST-000068-0009,1.0,1.0,0.5,1.0
TEST-000068-0010,3.75,3.5,0.6666666666666666,4.166666666666667
TEST-000068-0011,3.5,3.5,1.0,4.0
TEST-000068-0012,2.0,3.0,1.0,4.0
TEST-000068-0013,2.0,3.0,0.6666666666666666,3.0
TEST-000068-0014,2.0,4.5,0.6666666666666666,3.0
TEST-000068-0015,2.0,1.0,1.0,5.0
TEST-000068-0016,2.0,1.0,1.0,4.0
TEST-000068-0017,3.0,3.5,1.0,4.0
TEST-000068-0018,2.0,4.5,1.0,4.0
TEST-000068-0019,2.5,3.5,0.0,2.0
TEST-000068-0020,3.5,1.0,1.0,4.0
TEST-000068-0021,3.5,4.0,1.0,3.0
TEST-000068-0022,3.5,3.5,1.0,4.0
TEST-000068-0023,4.5,4.0,1.0,4.0
TEST-000068-0024,4.5,3.0,1.0,4.0
TEST-000068-0025,4.0,1.0,1.0,4.0
TEST-000068-0026,4.5,4.0,1.0,4.0
TEST-000068-0027,4.5,1.0,1.0,5.0
TEST-000068-0028,2.0,3.0,1.0,4.0
TEST-000068-0029,4.5,4.0,1.0,4.0
TEST-000068-0030,3.5,3.5,1.0,4.0
TEST-000069-0001,4.5,4.0,4.5,5.0
TEST-000069-0002,2.5,1.0,0.5,2.0
TEST-000069-0003,3.75,3.0,0.8,4.0
TEST-000069-0004,3.75,3.0,0.6666666666666666,3.0
TEST-000069-0005,1.5,1.0,0.0,1.0
TEST-000069-0006,4.0,4.0,0.6666666666666666,4.0
TEST-000069-0007,2.5,1.0,0.1666666666666666,1.0
TEST-000069-0008,2.0,4.0,0.0,1.0
TEST-000069-0009,4.0,1.0,1.0,1.0
TEST-000069-0010,2.5,3.5,0.6666666666666666,1.0
TEST-000069-0011,4.5,3.0,1.0,4.0
TEST-000069-0012,3.0,3.5,0.6666666666666666,4.0
TEST-000069-0013,5.0,1.0,1.0,5.0
TEST-000069-0014,2.0,3.5,0.6666666666666666,1.0
TEST-000069-0015,2.0,3.0,1.0,2.0
TEST-000069-0016,3.0,3.0,1.0,3.0
TEST-000069-0017,2.0,3.0,1.0,4.0
TEST-000069-0018,4.5,3.5,0.6666666666666666,4.5
TEST-000069-0019,1.0,1.0,0.0,1.0
TEST-000069-0020,4.5,2.5,1.0,4.0
TEST-000069-0021,3.5,1.0,1.0,4.0
TEST-000069-0022,3.5,1.0,0.5,2.0
TEST-000069-0023,4.5,1.0,1.0,2.0
TEST-000069-0024,3.5,2.0,0.5,3.0
TEST-000069-0025,4.5,2.0,1.0,4.0
TEST-000069-0026,1.0,4.5,0.0,4.0
TEST-000069-0027,4.5,4.5,1.0,4.0
TEST-000069-0028,3.5,2.0,0.6666666666666666,4.0
TEST-000069-0029,1.0,1.0,0.5,4.0
TEST-000069-0030,3.5,1.0,0.5,2.0
TEST-000069-0031,4.5,1.0,1.0,3.0
TEST-000069-0032,3.5,2.0,0.6666666666666666,2.0
TEST-000069-0033,2.5,1.0,1.0,2.0
TEST-000069-0034,2.5,2.0,0.6666666666666666,2.0
TEST-000069-0035,4.5,1.0,0.0,4.0
TEST-000069-0036,4.5,3.5,0.5,2.0
TEST-000069-0037,3.5,2.0,0.5,2.0
TEST-000069-0038,4.5,2.0,0.0,4.0
TEST-000069-0039,3.0,1.0,0.0,1.0
TEST-000069-0040,4.5,1.0,0.6666666666666666,2.0
TEST-000069-0041,3.5,1.0,1.0,0.0
TEST-000069-0042,2.5,4.5,1.0,0.0
TEST-000070-0001,1.0,1.0,1.0,0.0
TEST-000070-0002,2.0,1.0,4.5,5.0
TEST-000070-0003,2.5,3.0,4.0,5.0
TEST-000070-0004,2.0,3.0,4.0,1.0
TEST-000070-0005,1.0,3.0,2.0,1.0
TEST-000070-0006,1.0,3.0,1.0,1.0
TEST-000070-0007,3.0,3.333333333333333,5.0,1.0
TEST-000070-0008,1.0,1.0,1.0,0.0
TEST-000070-0009,4.0,1.0,2.0,3.0
TEST-000070-0010,2.0,3.0,2.0,1.0
TEST-000070-0011,5.0,3.0,5.0,1.0
TEST-000070-0012,2.5,1.0,2.0,1.0
TEST-000070-0013,5.0,3.0,4.75,3.0
TEST-000070-0014,3.0,1.0,1.0,1.0
TEST-000070-0015,3.5,3.0,4.5,4.5
TEST-000070-0016,1.0,1.0,2.0,0.0
TEST-000070-0017,4.5,3.0,4.5,1.0
TEST-000070-0018,1.5,1.0,2.0,1.0
TEST-000070-0019,3.5,4.666666666666667,5.0,5.0
TEST-000070-0020,1.0,1.0,0.0,0.0
TEST-000070-0021,3.0,4.333333333333333,2.0,1.0
TEST-000070-0022,2.0,2.0,2.0,2.0
TEST-000070-0023,2.0,3.0,5.0,5.0
TEST-000070-0024,1.0,3.0,2.0,4.0
TEST-000070-0025,2.5,4.0,5.0,5.0
TEST-000070-0026,1.0,1.0,2.0,0.0
TEST-000070-0027,2.0,3.0,5.0,5.0
TEST-000070-0028,1.0,1.0,2.0,1.0
TEST-000070-0029,3.0,3.0,5.0,4.0
TEST-000070-0030,1.0,1.0,2.0,1.0
TEST-000070-0031,3.5,4.333333333333333,4.75,4.5
TEST-000071-0001,3.75,4.333333333333333,3.0,1.0
TEST-000071-0002,3.5,4.0,4.5,2.0
TEST-000071-0003,3.25,3.0,0.8571428571428571,3.0
TEST-000072-0001,4.5,3.0,0.5,2.0
TEST-000073-0001,2.5,3.0,4.0,1.0
TEST-000074-0001,4.75,4.5,5.0,4.5
TEST-000074-0002,2.0,1.0,4.0,1.0
TEST-000074-0003,4.75,3.0,4.5,3.5
TEST-000074-0004,1.0,1.0,1.0,1.0
TEST-000074-0005,3.5,4.0,4.0,1.0
TEST-000074-0006,1.0,1.0,1.0,1.0
TEST-000074-0007,3.5,4.666666666666667,4.0,4.5
TEST-000074-0008,2.0,1.0,2.0,1.0
TEST-000074-0009,2.5,4.666666666666667,4.0,1.0
TEST-000074-0010,1.0,1.0,1.0,1.0
TEST-000074-0011,4.75,4.666666666666667,4.5,4.5
TEST-000074-0012,3.0,1.0,2.0,1.0
TEST-000074-0013,4.75,4.0,4.5,4.0
TEST-000074-0014,3.5,4.0,4.5,4.0
TEST-000074-0015,4.75,4.0,4.5,4.0
TEST-000074-0016,1.0,1.0,1.0,1.0
TEST-000074-0017,4.5,4.666666666666667,4.5,4.0
TEST-000074-0018,1.0,1.0,3.0,1.0
TEST-000074-0019,4.5,4.0,4.5,4.0
TEST-000074-0020,1.0,1.0,2.0,1.0
TEST-000074-0021,3.75,4.0,4.0,4.0
TEST-000074-0022,1.5,1.0,0.0,1.0
TEST-000074-0023,4.75,4.666666666666667,4.5,4.333333333333333
TEST-000074-0024,1.0,1.0,2.0,1.0
TEST-000074-0025,4.75,4.0,4.5,4.333333333333333
TEST-000074-0026,1.5,1.0,3.0,1.0
TEST-000074-0027,4.5,4.0,4.5,4.0
TEST-000074-0028,1.0,1.0,1.0,1.0
TEST-000074-0029,4.5,4.0,4.5,4.0
TEST-000075-0001,1.0,3.5,4.5,1.0
TEST-000076-0001,3.5,2.0,4.5,2.0
TEST-000077-0001,4.5,4.5,4.75,4.5
TEST-000077-0002,4.5,4.0,3.0,2.0
TEST-000077-0003,3.5,4.666666666666667,4.5,4.5
TEST-000077-0004,1.75,2.0,1.5,1.6666666666666667
TEST-000077-0005,4.5,4.666666666666667,4.75,4.5
TEST-000077-0006,1.0,4.666666666666667,1.0,1.0
TEST-000077-0007,3.5,4.666666666666667,4.0,4.666666666666667
TEST-000077-0008,3.5,4.0,3.0,1.0
TEST-000077-0009,4.75,4.666666666666667,4.0,4.666666666666667
TEST-000077-0010,1.0,4.0,4.5,1.0
TEST-000077-0011,4.5,4.666666666666667,4.5,4.5
TEST-000077-0012,3.5,4.666666666666667,3.5,1.0
TEST-000077-0013,4.5,4.666666666666667,4.5,4.666666666666667
TEST-000077-0014,4.5,4.5,4.75,4.5
TEST-000077-0015,4.75,4.5,4.75,4.5
TEST-000077-0016,3.5,2.0,1.0,2.0
TEST-000077-0017,4.5,4.5,4.0,4.5
TEST-000077-0018,4.5,4.5,3.5,4.0
TEST-000077-0019,4.5,4.5,4.75,4.5
TEST-000077-0020,1.75,2.0,1.5,4.0
TEST-000077-0021,4.75,4.5,4.75,4.333333333333333
TEST-000078-0001,3.0,2.5,4.0,1.0
TEST-000079-0001,3.0,1.0,5.0,1.0
TEST-000080-0001,5.0,1.0,5.0,5.0
TEST-000081-0001,3.0,0.5,0.0,0.0
TEST-000082-0001,2.0,1.0,3.5,1.0
TEST-000082-0002,1.5,2.5,3.5,1.0
TEST-000082-0003,2.5,3.0,3.5,1.0
TEST-000083-0001,5.0,3.0,5.0,5.0
TEST-000084-0001,2.0,3.0,3.5,3.5
TEST-000084-0002,3.25,4.5,4.5,4.5
TEST-000084-0003,2.25,1.0,0.8,0.2
TEST-000084-0004,3.25,2.5,0.8,3.0
TEST-000084-0005,3.5,1.0,1.0,0.0
TEST-000084-0006,3.5,2.0,1.0,4.0
TEST-000084-0007,3.5,4.5,4.5,4.5
TEST-000084-0008,3.25,3.5,4.0,3.5
TEST-000084-0009,2.5,1.0,1.0,2.0
TEST-000084-0010,3.25,1.0,1.0,3.0
TEST-000084-0011,2.0,1.0,0.5,1.0
TEST-000084-0012,4.5,3.0,1.0,4.0
TEST-000084-0013,2.5,1.0,1.0,1.0
TEST-000084-0014,2.5,1.0,1.0,1.0
TEST-000084-0015,4.5,1.0,1.0,4.0
TEST-000084-0016,4.5,3.5,1.0,4.0
TEST-000084-0017,1.0,1.0,0.0,1.0
TEST-000084-0018,1.0,1.0,0.0,1.0
TEST-000084-0019,1.0,1.0,0.0,1.0
TEST-000084-0020,2.0,3.0,1.0,1.0
TEST-000084-0021,1.0,1.0,0.0,1.0
TEST-000084-0022,4.5,4.5,1.0,4.0
TEST-000084-0023,1.0,1.0,1.0,1.0
TEST-000084-0024,1.5,1.0,0.0,1.0
TEST-000084-0025,2.0,1.0,1.0,3.0
TEST-000084-0026,1.0,1.0,1.0,5.0
TEST-000084-0027,2.0,1.0,0.0,2.0
TEST-000084-0028,2.0,1.0,0.0,2.0
TEST-000084-0029,3.0,1.0,1.0,5.0
TEST-000084-0030,4.5,4.5,1.0,4.5
TEST-000085-0001,4.0,2.5,4.0,3.5
TEST-000085-0002,4.5,2.5,4.5,3.0
TEST-000085-0003,4.5,3.5,4.75,5.0
TEST-000085-0004,3.5,2.0,4.5,2.0
TEST-000085-0005,4.5,1.0,4.75,1.0
TEST-000085-0006,2.0,1.0,1.0,1.0
TEST-000085-0007,4.5,3.0,5.0,2.0
TEST-000085-0008,2.0,2.0,4.5,1.0
TEST-000085-0009,3.5,2.5,5.0,1.0
TEST-000085-0010,2.0,2.0,4.0,1.0
TEST-000085-0011,4.5,3.5,4.75,3.0
TEST-000085-0012,2.0,2.0,3.0,1.0
TEST-000085-0013,4.5,3.5,4.75,4.5
TEST-000085-0014,2.0,2.0,2.0,1.0
TEST-000085-0015,2.0,2.0,2.0,1.0
TEST-000085-0016,2.0,2.0,3.0,1.0
TEST-000085-0017,4.5,3.0,4.0,3.5
TEST-000085-0018,3.0,3.0,4.75,2.0
TEST-000085-0019,4.5,3.5,4.75,3.75
TEST-000085-0020,1.0,2.0,2.0,1.0
TEST-000085-0021,3.5,3.5,3.5,2.0
TEST-000085-0022,3.0,2.5,4.5,2.0
TEST-000085-0023,3.5,3.5,4.75,3.5
TEST-000085-0024,3.5,2.5,4.5,1.0
TEST-000085-0025,4.5,3.5,4.75,4.75
TEST-000085-0026,2.0,2.0,3.5,1.0
TEST-000085-0027,4.5,3.5,4.5,3.5
TEST-000085-0028,3.5,2.5,3.5,1.0
TEST-000085-0029,4.5,3.5,4.75,4.5
TEST-000085-0030,3.0,2.0,5.0,1.0
TEST-000085-0031,3.0,3.0,4.75,5.0
TEST-000085-0032,2.0,1.0,5.0,1.0
TEST-000085-0033,2.0,1.0,5.0,1.0
TEST-000086-0001,1.0,2.0,3.0,1.0
TEST-000087-0001,4.0,2.5,4.5,3.0
TEST-000087-0002,1.0,2.0,2.5,1.0
TEST-000087-0003,4.5,3.5,4.5,4.5
TEST-000087-0004,2.5,1.0,4.5,1.0
TEST-000087-0005,4.25,1.0,4.5,2.0
TEST-000087-0006,1.0,1.0,2.5,1.0
TEST-000087-0007,3.5,3.0,1.0,3.0
TEST-000087-0008,1.0,5.0,1.0,1.0
TEST-000087-0009,3.5,2.0,0.0,2.0
TEST-000087-0010,2.0,1.0,0.0,1.0
TEST-000087-0011,4.5,3.0,1.0,4.0
TEST-000087-0012,3.5,1.0,1.0,4.0
TEST-000087-0013,4.5,3.0,1.0,4.0
TEST-000087-0014,4.5,1.0,1.0,4.0
TEST-000087-0015,4.5,3.0,1.0,5.0
TEST-000087-0016,2.5,4.0,0.0,1.0
TEST-000087-0017,4.5,3.0,0.0,4.0
TEST-000087-0018,4.5,3.5,1.0,4.0
TEST-000087-0019,4.5,3.0,1.0,4.0
TEST-000087-0020,3.0,3.0,1.0,4.0
TEST-000087-0021,4.5,4.0,1.0,4.5
TEST-000087-0022,2.0,1.0,0.0,1.0
TEST-000087-0023,4.5,1.0,0.0,4.0
TEST-000087-0024,2.0,1.0,1.0,2.0
TEST-000087-0025,4.5,3.5,1.0,4.5
TEST-000087-0026,4.0,1.0,1.0,4.0
TEST-000087-0027,4.5,1.0,1.0,5.0
TEST-000087-0028,5.0,1.0,1.0,5.0
TEST-000087-0029,4.5,1.0,1.0,5.0
TEST-000088-0001,2.5,3.0,4.0,5.0
TEST-000089-0001,2.0,1.0,1.0,1.0
TEST-000090-0001,1.0,1.0,4.5,2.0
TEST-000091-0001,4.5,4.0,4.5,5.0
TEST-000091-0002,1.0,2.0,2.0,1.0
TEST-000091-0003,3.5,4.0,4.5,1.0
TEST-000091-0004,1.0,1.0,3.0,1.0
TEST-000091-0005,2.5,4.5,4.5,1.0
TEST-000091-0006,1.5,3.0,3.5,1.0
TEST-000091-0007,4.5,4.5,4.5,1.0
TEST-000091-0008,1.0,3.0,1.0,1.0
TEST-000091-0009,4.5,4.5,4.0,3.0
TEST-000091-0010,1.0,2.0,1.0,1.0
TEST-000091-0011,1.0,4.5,3.5,1.0
TEST-000091-0012,1.0,1.0,1.0,2.0
TEST-000091-0013,4.5,4.0,1.0,4.5
TEST-000091-0014,1.5,4.0,0.8,4.5
TEST-000091-0015,4.75,4.0,4.5,4.5
TEST-000091-0016,1.0,5.0,0.0,1.0
TEST-000091-0017,2.5,4.25,4.5,3.0
TEST-000091-0018,1.0,2.0,3.0,1.0
TEST-000091-0019,3.5,4.5,4.5,3.5
TEST-000091-0020,1.0,1.0,0.0,2.0
TEST-000091-0021,3.5,4.0,1.0,4.5
TEST-000091-0022,3.0,4.0,1.0,4.5
TEST-000091-0023,4.75,4.0,1.0,4.5
TEST-000091-0024,3.0,0.0,0.0,0.0
TEST-000091-0025,4.75,4.0,4.5,4.5
TEST-000091-0026,1.0,1.0,0.0,1.0
TEST-000091-0027,4.75,4.333333333333333,1.0,4.5
TEST-000091-0028,1.0,1.0,1.0,1.0
TEST-000091-0029,3.5,4.0,1.0,4.5
TEST-000091-0030,3.5,4.0,1.0,4.5
TEST-000091-0031,4.75,4.0,1.0,4.5
TEST-000091-0032,2.5,0.0,0.0,0.0
TEST-000091-0033,4.75,4.5,4.5,4.5
TEST-000091-0034,4.75,4.5,1.0,4.5
TEST-000091-0035,4.75,4.333333333333333,4.5,4.5
TEST-000091-0036,2.0,0.0,0.0,2.0
TEST-000091-0037,4.75,4.5,4.5,4.5
TEST-000092-0001,2.5,4.5,4.5,3.0
TEST-000092-0002,2.5,3.0,4.5,1.0
TEST-000092-0003,3.5,3.0,0.5,3.0
TEST-000093-0001,2.0,3.0,3.5,3.5
TEST-000094-0001,4.5,2.0,0.8,4.0
TEST-000094-0002,4.75,4.5,0.8333333333333334,4.5
TEST-000094-0003,4.75,4.5,1.0,4.0
TEST-000095-0001,4.25,4.0,4.5,4.75
TEST-000096-0001,4.5,2.0,5.0,2.0
TEST-000097-0001,4.25,3.0,4.0,4.0
TEST-000098-0001,2.0,2.0,3.5,3.0
TEST-000099-0001,2.0,2.0,4.5,2.0
TEST-000099-0002,2.25,4.5,4.0,3.0
TEST-000099-0003,3.5,1.5,0.5,3.0
TEST-000099-0004,4.5,4.0,1.0,4.0
TEST-000099-0005,3.5,3.0,0.6,3.0
TEST-000099-0006,3.5,3.0,0.2,1.0
TEST-000099-0007,3.5,3.0,0.6666666666666666,1.0
TEST-000099-0008,3.5,3.5,0.1666666666666666,1.0
TEST-000099-0009,4.5,1.0,1.0,5.0
TEST-000099-0010,3.5,3.0,0.0,3.0
TEST-000099-0011,2.0,4.0,1.0,3.0
TEST-000099-0012,3.5,3.0,1.0,4.0
TEST-000099-0013,4.25,4.0,1.0,4.5
TEST-000099-0014,4.25,4.0,0.6666666666666666,4.0
TEST-000099-0015,4.0,1.0,1.0,3.0
TEST-000099-0016,4.25,3.0,0.6666666666666666,4.0
TEST-000099-0017,1.5,1.0,0.1666666666666666,1.0
TEST-000099-0018,4.5,3.0,0.6666666666666666,4.0
TEST-000099-0019,1.5,3.0,0.0,1.0
TEST-000099-0020,4.5,3.0,0.6666666666666666,3.0
TEST-000099-0021,4.5,3.0,0.6666666666666666,4.0
TEST-000099-0022,4.5,3.0,0.6666666666666666,3.0
TEST-000099-0023,4.5,2.0,1.0,3.0
TEST-000099-0024,4.5,3.0,0.0,4.0
TEST-000099-0025,2.0,1.0,0.0,1.0
TEST-000099-0026,2.0,3.0,0.0,1.0
TEST-000099-0027,4.5,1.0,1.0,3.0
TEST-000099-0028,3.5,3.5,0.0,4.0
TEST-000099-0029,4.0,1.0,0.0,1.0
TEST-000099-0030,2.5,1.0,0.6666666666666666,1.0
TEST-000099-0031,3.5,3.0,0.6666666666666666,2.0
TEST-000099-0032,3.5,3.0,0.0,1.0
TEST-000099-0033,4.5,3.0,1.0,4.0
TEST-000099-0034,4.5,3.5,0.6666666666666666,4.0
TEST-000099-0035,3.5,1.0,1.0,4.0
TEST-000099-0036,4.5,3.0,0.6666666666666666,4.0
TEST-000100-0001,4.25,4.5,4.5,5.0
TEST-000100-0002,4.25,4.5,4.5,4.5
TEST-000100-0003,3.5,3.0,1.0,4.0
TEST-000100-0004,3.0,4.0,0.5,3.0
TEST-000100-0005,4.5,4.25,4.75,4.75
TEST-000100-0006,2.0,1.0,5.0,1.0
TEST-000100-0007,4.5,3.5,4.75,4.75
TEST-000100-0008,3.0,1.0,5.0,2.0
TEST-000100-0009,4.5,4.25,4.75,4.75
TEST-000100-0010,4.5,3.5,4.75,1.0
TEST-000100-0011,4.5,4.5,4.75,5.0
TEST-000100-0012,2.0,2.0,5.0,1.0
TEST-000100-0013,4.5,4.25,4.75,4.75
TEST-000100-0014,3.0,3.0,4.5,1.0
TEST-000100-0015,4.5,3.5,4.25,3.5
TEST-000100-0016,2.0,2.0,2.0,1.0
TEST-000100-0017,4.5,3.5,5.0,4.75
TEST-000100-0018,2.0,1.0,1.0,1.0
TEST-000100-0019,4.5,4.5,4.75,4.75
TEST-000100-0020,4.5,3.5,5.0,3.0
TEST-000100-0021,5.0,4.5,5.0,5.0
TEST-000100-0022,2.0,2.0,4.0,1.0
TEST-000100-0023,4.5,3.0,5.0,5.0
TEST-000100-0024,1.0,1.0,5.0,1.0
TEST-000100-0025,3.5,3.5,4.75,4.75
TEST-000100-0026,4.5,3.0,4.75,2.0
TEST-000100-0027,4.5,3.5,4.75,4.75
TEST-000100-0028,2.0,2.0,5.0,1.0
TEST-000100-0029,3.5,3.5,4.75,3.5
TEST-000100-0030,4.5,2.0,5.0,2.0
TEST-000100-0031,4.5,3.5,4.75,4.75
TEST-000101-0001,4.0,4.0,4.5,5.0
TEST-000102-0001,4.25,3.5,4.5,4.0
TEST-000102-0002,4.25,4.0,4.0,3.0
TEST-000102-0003,4.25,4.0,5.0,4.75
TEST-000102-0004,2.0,2.0,4.5,1.0
TEST-000102-0005,4.8,4.0,4.5,4.5
TEST-000102-0006,4.25,2.0,5.0,2.0
TEST-000102-0007,4.25,2.0,4.5,3.0
TEST-000102-0008,1.0,1.0,2.5,1.0
TEST-000102-0009,4.25,4.75,4.5,4.5
TEST-000102-0010,3.5,4.75,4.5,3.5
TEST-000102-0011,4.25,4.5,4.5,4.5
TEST-000102-0012,2.5,1.0,3.5,2.0
TEST-000102-0013,4.25,3.75,4.5,3.5
TEST-000102-0014,2.0,3.5,2.5,2.0
TEST-000102-0015,3.5,3.75,4.5,4.5
TEST-000102-0016,2.5,1.0,3.5,0.0
TEST-000102-0017,4.5,4.0,4.5,3.5
TEST-000102-0018,2.5,1.0,1.0,1.0
TEST-000102-0019,4.5,3.5,1.0,4.5
TEST-000102-0020,3.5,3.5,0.0,4.0
TEST-000102-0021,4.5,4.0,1.0,4.5
TEST-000102-0022,2.5,1.0,0.0,0.0
TEST-000102-0023,4.5,3.5,1.0,4.5
TEST-000103-0001,4.25,3.6666666666666665,3.5,3.5
TEST-000103-0002,3.5,3.1666666666666665,0.8333333333333334,3.0
TEST-000103-0003,4.0,3.1666666666666665,1.0,3.0
TEST-000104-0001,1.0,4.0,0.5,4.0
TEST-000105-0001,3.5,3.0,2.5,1.0
TEST-000105-0002,1.5,3.0,4.5,3.0
TEST-000105-0003,4.5,1.0,3.5,1.0
TEST-000105-0004,3.5,1.0,4.5,2.0
TEST-000105-0005,0.5,4.5,1.0,1.0
TEST-000105-0006,3.5,1.0,3.5,1.0
TEST-000105-0007,3.0,1.0,4.5,2.0
TEST-000105-0008,3.5,3.5,4.0,2.0
TEST-000105-0009,2.0,3.5,3.0,1.0
TEST-000105-0010,4.5,3.5,3.5,2.0
TEST-000105-0011,2.0,1.0,3.5,2.0
TEST-000105-0012,4.5,4.5,4.75,4.5
TEST-000105-0013,1.0,4.5,1.0,1.0
TEST-000105-0014,3.0,4.5,4.5,2.0
TEST-000105-0015,3.5,1.0,3.5,4.5
TEST-000105-0016,4.5,3.5,4.75,4.5
TEST-000105-0017,1.0,1.0,3.0,1.0
TEST-000105-0018,1.0,1.0,1.0,1.0
TEST-000105-0019,1.0,1.0,3.5,1.0
TEST-000105-0020,1.5,3.5,3.5,2.0
TEST-000105-0021,1.0,1.0,3.0,1.0
TEST-000105-0022,2.0,3.5,3.5,1.0
TEST-000105-0023,1.0,1.0,1.0,1.0
TEST-000105-0024,1.0,4.5,1.0,1.0
TEST-000105-0025,1.0,1.0,5.0,1.0
TEST-000105-0026,1.5,1.0,1.0,1.0
TEST-000105-0027,1.0,1.0,3.0,1.0
TEST-000105-0028,3.0,3.5,3.5,2.0
TEST-000105-0029,1.0,1.0,5.0,1.0
TEST-000105-0030,1.0,4.5,1.0,1.0
TEST-000105-0031,1.0,1.0,5.0,1.0
TEST-000105-0032,1.0,4.5,4.5,1.0
TEST-000105-0033,3.0,1.0,5.0,1.0
TEST-000105-0034,1.0,1.0,1.0,1.0
TEST-000105-0035,1.0,1.0,1.0,1.0
TEST-000105-0036,1.0,1.0,1.0,1.0
TEST-000105-0037,1.0,4.0,4.5,1.0
TEST-000105-0038,1.5,1.0,3.0,1.0
TEST-000105-0039,1.0,1.0,3.0,1.0
TEST-000105-0040,1.5,1.0,3.0,2.0
TEST-000106-0001,2.5,1.0,0.5,0.5
TEST-000106-0002,3.5,3.0,0.5,3.5
TEST-000106-0003,1.5,1.0,0.0,0.5
TEST-000107-0001,4.0,3.0,4.5,4.0
TEST-000107-0002,1.0,1.5,3.5,1.0
TEST-000107-0003,4.0,2.0,4.5,2.0
TEST-000107-0004,2.5,2.5,3.5,1.5
TEST-000107-0005,4.5,4.0,4.5,4.5
TEST-000107-0006,2.0,4.5,2.5,1.0
TEST-000107-0007,4.5,4.5,4.5,4.5
TEST-000107-0008,2.5,4.5,4.5,3.5
TEST-000107-0009,4.5,4.5,4.5,4.5
TEST-000107-0010,3.5,4.5,4.5,3.5
TEST-000107-0011,4.5,3.0,0.8333333333333334,4.5
TEST-000107-0012,2.5,3.0,0.0,0.2
TEST-000107-0013,4.5,3.0,0.6666666666666666,4.5
TEST-000107-0014,1.0,1.0,0.0,0.0
TEST-000107-0015,2.0,1.0,0.0,0.2
TEST-000107-0016,1.0,1.0,2.0,1.0
TEST-000107-0017,2.0,1.0,2.0,1.0
TEST-000107-0018,1.0,1.0,2.0,1.0
TEST-000107-0019,4.5,3.0,1.0,4.0
TEST-000107-0020,2.5,1.0,0.0,4.0
TEST-000107-0021,4.5,4.0,0.6666666666666666,4.5
TEST-000107-0022,2.0,1.0,0.0,0.2
TEST-000107-0023,4.5,4.0,1.0,4.5
TEST-000107-0024,2.5,3.0,0.0,0.5
TEST-000107-0025,4.5,4.0,0.6666666666666666,4.5
TEST-000107-0026,2.5,1.0,0.0,4.0
TEST-000107-0027,4.5,4.0,1.0,4.0
TEST-000107-0028,4.5,4.0,1.0,4.0
TEST-000107-0029,4.75,4.5,1.0,4.5
TEST-000107-0030,2.5,1.0,0.0,2.0
TEST-000107-0031,4.5,4.5,1.0,4.0
TEST-000107-0032,2.0,1.0,0.0,0.5
TEST-000107-0033,4.5,4.0,0.6666666666666666,4.5
TEST-000107-0034,4.5,1.0,1.0,0.5
TEST-000107-0035,4.75,3.0,1.0,4.5
TEST-000108-0001,4.5,3.0,5.0,5.0
TEST-000108-0002,1.0,1.0,3.5,1.0
TEST-000108-0003,4.5,2.0,4.5,4.0
TEST-000108-0004,1.0,1.0,0.5,1.0
TEST-000108-0005,1.0,4.0,0.5,4.0
TEST-000108-0006,2.5,3.5,0.5,4.0
TEST-000108-0007,4.5,2.0,5.0,3.0
TEST-000108-0008,3.5,3.5,0.0,4.0
TEST-000108-0009,3.5,1.0,1.0,3.0
TEST-000108-0010,3.5,3.5,0.5,2.0
TEST-000108-0011,1.0,4.0,0.0,4.0
TEST-000108-0012,2.5,3.5,1.0,4.5
TEST-000108-0013,4.5,3.0,1.0,4.0
TEST-000108-0014,3.5,3.5,1.0,4.0
TEST-000108-0015,2.5,1.0,1.0,2.0
TEST-000108-0016,4.5,3.0,1.0,4.0
TEST-000108-0017,2.5,1.0,1.0,1.0
TEST-000108-0018,3.0,1.0,0.0,1.0
TEST-000108-0019,2.0,1.0,1.0,1.0
TEST-000108-0020,1.0,3.5,0.0,1.0
TEST-000108-0021,2.0,4.0,0.0,2.0
TEST-000108-0022,3.0,4.0,1.0,4.0
TEST-000108-0023,1.0,1.0,0.0,1.0
TEST-000108-0024,3.5,1.0,1.0,2.0
TEST-000108-0025,1.5,1.0,0.0,1.0
TEST-000108-0026,3.5,1.0,1.0,4.0
TEST-000108-0027,2.0,1.0,0.0,2.0
TEST-000109-0001,1.0,3.0,3.0,1.0
TEST-000109-0002,3.5,3.0,3.0,3.0
TEST-000109-0003,3.5,4.5,4.5,5.0
TEST-000109-0004,1.5,1.0,3.5,3.0
TEST-000109-0005,4.8,4.333333333333333,4.75,4.5
TEST-000109-0006,3.5,3.0,4.5,3.0
TEST-000109-0007,5.0,3.0,5.0,5.0
TEST-000109-0008,2.0,3.0,4.0,1.0
TEST-000109-0009,4.5,3.0,5.0,3.0
TEST-000109-0010,1.0,1.0,3.0,0.0
TEST-000109-0011,4.25,4.333333333333333,4.5,1.0
TEST-000109-0012,1.0,1.0,2.0,1.0
TEST-000109-0013,3.0,3.6666666666666665,4.75,5.0
TEST-000109-0014,2.0,3.0,3.5,1.0
TEST-000109-0015,4.5,4.666666666666667,4.75,4.5
TEST-000109-0016,3.0,1.0,4.5,1.0
TEST-000109-0017,4.5,4.333333333333333,4.5,4.5
TEST-000109-0018,3.0,1.0,3.5,1.0
TEST-000109-0019,4.5,3.0,4.5,3.5
TEST-000109-0020,2.0,1.0,3.0,0.0
TEST-000109-0021,4.5,3.5,4.75,4.5
TEST-000109-0022,3.0,3.0,5.0,1.0
TEST-000109-0023,5.0,3.0,5.0,5.0
TEST-000109-0024,2.0,1.0,3.0,1.0
TEST-000109-0025,4.5,3.0,4.75,4.5
TEST-000109-0026,2.0,1.0,2.0,1.0
TEST-000109-0027,5.0,3.0,4.75,4.5
TEST-000109-0028,2.0,1.0,0.0,0.0
TEST-000109-0029,3.5,3.0,4.25,3.0
TEST-000109-0030,2.0,1.0,2.0,0.0
TEST-000109-0031,4.5,3.0,5.0,4.5
TEST-000110-0001,4.25,4.0,1.0,4.5
TEST-000110-0002,3.5,0.5,0.5,5.0
TEST-000110-0003,4.25,4.0,0.8571428571428571,4.5
TEST-000110-0004,1.0,1.0,0.0,0.0
TEST-000110-0005,4.8,4.0,1.0,4.0
TEST-000110-0006,1.0,1.0,0.0,0.0
TEST-000110-0007,4.25,1.0,0.0,0.0
TEST-000110-0008,3.0,1.0,0.0,0.0
TEST-000110-0009,4.5,1.0,0.0,3.0
TEST-000110-0010,2.5,1.0,0.0,0.0
TEST-000110-0011,4.8,4.5,1.0,4.666666666666667
TEST-000110-0012,1.0,1.0,0.0,0.0
TEST-000110-0013,3.5,1.0,0.0,0.0
TEST-000110-0014,2.5,1.0,0.0,0.0
TEST-000110-0015,4.5,4.0,1.0,4.5
TEST-000110-0016,3.0,1.0,0.0,0.0
TEST-000110-0017,4.5,3.0,0.6666666666666666,4.0
TEST-000110-0018,2.5,1.0,0.0,5.0
TEST-000110-0019,4.75,3.0,0.6666666666666666,4.0
TEST-000110-0020,3.5,1.0,0.0,3.0
TEST-000110-0021,4.5,4.0,1.0,5.0
TEST-000110-0022,1.0,1.0,0.0,0.0
TEST-000110-0023,4.5,3.0,1.0,4.0
TEST-000110-0024,2.5,4.0,0.0,0.0
TEST-000110-0025,4.5,3.0,0.6666666666666666,4.0
TEST-000110-0026,1.0,1.0,0.0,0.0
TEST-000110-0027,4.5,3.0,0.0,2.0
TEST-000110-0028,2.5,1.0,0.0,0.0
TEST-000110-0029,4.5,3.0,1.0,4.0
TEST-000111-0001,1.0,2.0,5.0,5.0
TEST-000112-0001,2.5,4.5,0.8,4.5
TEST-000112-0002,1.0,1.0,0.2,0.0
TEST-000112-0003,3.5,2.0,4.5,1.0
TEST-000113-0001,4.5,2.0,4.5,4.5
TEST-000113-0002,3.5,4.5,4.5,4.5
TEST-000113-0003,1.5,1.0,2.0,4.0
TEST-000113-0004,3.5,3.5,4.5,4.5
TEST-000113-0005,1.5,1.0,2.5,1.0
TEST-000113-0006,3.5,3.5,4.0,3.0
TEST-000113-0007,1.0,3.0,2.0,1.0
TEST-000113-0008,3.5,3.5,4.0,4.5
TEST-000113-0009,1.5,1.0,2.5,1.0
TEST-000113-0010,3.0,1.0,4.0,4.5
TEST-000113-0011,3.0,3.0,4.0,4.5
TEST-000113-0012,1.5,1.0,2.0,1.0
TEST-000113-0013,3.5,2.5,2.5,3.0
TEST-000113-0014,3.5,1.0,0.0,3.0
TEST-000113-0015,3.5,1.0,1.0,4.0
TEST-000113-0016,3.5,2.5,2.5,4.0
TEST-000113-0017,3.5,2.5,3.5,2.0
TEST-000113-0018,2.0,2.0,4.0,1.0
TEST-000113-0019,2.5,2.5,2.5,3.5
TEST-000113-0020,3.0,2.5,3.5,2.0
TEST-000113-0021,1.0,2.0,2.5,1.0
TEST-000113-0022,2.5,4.5,0.6666666666666666,2.0
TEST-000113-0023,2.5,1.0,1.0,4.0
TEST-000113-0024,3.5,3.5,0.0,4.0
TEST-000113-0025,2.0,1.0,0.0,4.0
TEST-000113-0026,2.5,3.0,0.0,2.0
TEST-000113-0027,2.5,1.0,0.0,4.0
TEST-000113-0028,2.5,3.5,0.6666666666666666,3.0
TEST-000113-0029,1.0,1.0,0.0,2.0
TEST-000113-0030,2.5,3.0,1.0,4.0
TEST-000113-0031,2.0,1.0,0.0,1.0
TEST-000113-0032,3.5,4.5,1.0,4.5
TEST-000113-0033,2.5,3.0,1.0,4.0
TEST-000113-0034,2.5,1.0,0.0,1.0
TEST-000113-0035,1.0,1.0,0.0,1.0
TEST-000113-0036,2.5,3.0,1.0,2.0
TEST-000113-0037,2.5,4.5,0.0,1.0
TEST-000113-0038,2.5,1.0,0.0,1.0
TEST-000113-0039,1.5,1.0,0.0,1.0
TEST-000113-0040,2.5,3.5,0.0,2.0
TEST-000114-0001,1.0,2.0,2.5,1.0
TEST-000115-0001,4.75,4.0,4.75,4.5
TEST-000116-0001,3.5,3.0,3.0,5.0
TEST-000117-0001,4.25,4.0,4.0,3.0
TEST-000117-0002,4.0,2.0,4.5,3.5
TEST-000117-0003,4.25,3.0,4.5,4.25
TEST-000117-0004,2.0,2.0,4.0,2.0
TEST-000117-0005,4.25,4.0,4.5,4.25
TEST-000117-0006,2.0,2.5,4.5,1.0
TEST-000117-0007,3.5,3.0,4.5,3.5
TEST-000117-0008,2.5,2.0,4.0,2.0
TEST-000117-0009,4.5,4.0,4.5,4.25
TEST-000117-0010,3.5,2.5,4.5,2.0
TEST-000117-0011,4.5,4.0,4.5,4.5
TEST-000117-0012,3.0,1.0,0.0,0.0
TEST-000117-0013,3.5,3.5,0.5,3.0
TEST-000117-0014,3.5,3.5,1.0,4.5
TEST-000117-0015,4.5,4.5,1.0,4.5
TEST-000117-0016,2.5,1.0,0.0,4.0
TEST-000117-0017,4.25,3.5,4.0,4.5
TEST-000117-0018,2.5,1.0,0.0,4.5
TEST-000117-0019,4.5,4.0,1.0,4.0
TEST-000117-0020,1.0,1.0,0.0,1.0
TEST-000117-0021,4.5,3.0,1.0,4.0
TEST-000117-0022,2.5,1.0,0.0,4.0
TEST-000117-0023,4.5,4.0,1.0,4.5
TEST-000117-0024,1.0,0.0,0.0,0.0
TEST-000117-0025,5.0,3.5,4.0,0.0
TEST-000117-0026,3.5,1.0,1.0,4.0
TEST-000117-0027,4.5,3.5,0.6666666666666666,4.0
TEST-000117-0028,2.5,1.0,0.0,0.0
TEST-000117-0029,2.5,3.0,0.6666666666666666,3.0
TEST-000117-0030,3.0,1.0,0.0,0.0
TEST-000117-0031,4.5,3.0,0.6666666666666666,4.0
TEST-000118-0001,4.5,3.0,1.0,1.0
TEST-000118-0002,4.25,3.0,0.5,2.0
TEST-000118-0003,4.5,2.0,0.5,2.0
TEST-000119-0001,3.5,3.5,4.0,3.0
TEST-000120-0001,4.0,2.5,4.5,3.5
TEST-000120-0002,2.0,3.0,4.5,1.0
TEST-000120-0003,4.75,4.5,4.5,4.5
TEST-000120-0004,3.75,4.0,4.5,4.5
TEST-000120-0005,4.75,4.0,4.5,4.5
TEST-000120-0006,3.5,3.0,4.5,4.0
TEST-000120-0007,4.75,4.0,4.5,4.5
TEST-000120-0008,3.0,1.0,3.5,1.0
TEST-000120-0009,4.5,4.0,4.5,5.0
TEST-000120-0010,2.0,1.0,4.5,1.0
TEST-000120-0011,4.5,4.0,4.5,4.5
TEST-000120-0012,2.5,3.0,3.5,4.0
TEST-000120-0013,4.75,4.0,4.5,4.5
TEST-000120-0014,2.0,1.0,4.0,1.0
TEST-000120-0015,3.5,1.0,4.5,5.0
TEST-000120-0016,2.0,1.0,4.5,1.0
TEST-000120-0017,4.5,3.0,4.5,4.5
TEST-000120-0018,2.0,1.0,2.5,1.0
TEST-000120-0019,4.5,4.0,4.5,4.0
TEST-000120-0020,3.5,4.0,4.5,4.0
TEST-000120-0021,4.5,4.0,4.5,4.5
TEST-000120-0022,2.5,1.0,3.5,1.0
TEST-000120-0023,4.75,4.0,4.5,4.5
TEST-000120-0024,2.0,3.0,2.5,4.0
TEST-000120-0025,4.5,4.0,4.5,4.0
TEST-000120-0026,2.5,1.0,4.5,1.0
TEST-000120-0027,4.75,4.0,4.5,4.5
TEST-000120-0028,2.0,1.0,3.5,1.0
TEST-000120-0029,4.75,4.666666666666667,4.5,4.5
TEST-000120-0030,4.0,3.0,4.5,4.0
TEST-000120-0031,4.75,4.0,4.5,5.0
TEST-000120-0032,3.0,1.0,1.0,1.0
TEST-000120-0033,2.5,1.0,4.5,4.0
TEST-000120-0034,1.0,1.0,2.0,1.0
TEST-000120-0035,4.0,5.0,4.5,5.0
TEST-000121-0001,4.5,4.0,4.5,4.5
TEST-000121-0002,2.75,4.5,2.0,2.0
TEST-000121-0003,1.0,1.0,2.0,1.0
TEST-000121-0004,4.5,2.5,4.5,3.5
TEST-000121-0005,2.25,4.0,3.0,4.0
TEST-000121-0006,3.25,3.75,4.0,3.5
TEST-000121-0007,2.5,3.75,3.5,1.0
TEST-000121-0008,3.25,3.75,3.5,1.5
TEST-000121-0009,2.5,3.75,3.5,1.0
TEST-000121-0010,3.5,3.75,3.5,4.5
TEST-000121-0011,2.5,4.5,4.0,3.0
TEST-000121-0012,3.5,4.75,4.0,4.5
TEST-000121-0013,2.5,3.75,3.5,3.5
TEST-000121-0014,3.5,4.5,4.5,4.5
TEST-000121-0015,2.0,4.5,3.0,1.0
TEST-000121-0016,3.25,3.5,3.5,3.5
TEST-000121-0017,2.5,3.75,3.5,1.5
TEST-000121-0018,4.25,4.5,4.0,5.0
TEST-000121-0019,2.5,4.5,4.0,1.0
TEST-000121-0020,3.5,4.5,4.0,4.5
TEST-000121-0021,3.0,3.0,5.0,4.0
TEST-000121-0022,3.0,3.5,4.25,2.5
TEST-000121-0023,1.0,1.0,1.0,1.0
TEST-000121-0024,2.0,2.0,2.0,1.0
TEST-000121-0025,3.5,3.5,4.5,3.0
TEST-000121-0026,3.5,3.5,3.0,2.0
TEST-000121-0027,2.0,2.5,3.5,1.0
TEST-000121-0028,2.5,3.5,3.5,1.0
TEST-000122-0001,2.5,1.0,2.0,1.0
TEST-000123-0001,3.5,3.0,3.5,4.0
TEST-000123-0002,2.0,2.0,4.5,1.0
TEST-000123-0003,2.0,4.0,1.0,0.0
TEST-000124-0001,3.5,4.5,4.5,3.5
TEST-000124-0002,3.5,4.5,4.5,3.5
TEST-000124-0003,4.75,4.5,4.5,5.0
TEST-000124-0004,4.5,4.5,4.5,4.5
TEST-000124-0005,4.5,4.75,4.5,4.0
TEST-000124-0006,1.0,2.5,2.0,1.0
TEST-000124-0007,4.5,4.5,4.5,4.0
TEST-000124-0008,4.5,4.5,4.5,2.0
TEST-000124-0009,4.5,4.5,4.5,4.0
TEST-000124-0010,1.0,1.0,0.0,1.0
TEST-000124-0011,4.5,4.0,4.5,3.0
TEST-000124-0012,1.0,1.0,1.0,1.0
TEST-000124-0013,3.0,1.0,0.0,1.0
TEST-000125-0001,4.0,4.0,1.0,4.5
TEST-000125-0002,2.5,4.25,4.75,2.0
TEST-000125-0003,3.5,3.75,3.75,4.5
TEST-000125-0004,2.5,2.0,2.5,1.0
TEST-000125-0005,4.25,3.75,4.5,3.5
TEST-000125-0006,2.5,3.0,3.75,1.0
TEST-000125-0007,4.25,3.75,4.5,4.5
TEST-000125-0008,2.0,2.5,4.5,1.0
TEST-000125-0009,4.25,3.5,4.5,4.5
TEST-000125-0010,2.0,2.0,3.5,1.0
TEST-000125-0011,4.0,3.5,4.5,4.5
TEST-000125-0012,3.5,3.5,3.0,3.0
TEST-000125-0013,4.25,3.0,4.5,4.5
TEST-000125-0014,2.0,3.0,4.5,1.0
TEST-000125-0015,3.5,4.5,1.0,4.5
TEST-000125-0016,1.0,1.0,0.0,0.0
TEST-000125-0017,1.5,4.5,1.0,2.0
TEST-000125-0018,2.5,4.5,0.0,3.0
TEST-000125-0019,3.5,3.5,0.6666666666666666,4.0
TEST-000125-0020,2.5,3.5,1.0,3.0
TEST-000125-0021,3.5,4.0,4.0,4.0
TEST-000125-0022,2.5,4.0,0.5,4.0
TEST-000125-0023,4.25,4.0,1.0,4.0
TEST-000125-0024,2.5,4.5,0.0,4.5
TEST-000125-0025,3.5,4.5,1.0,4.5
TEST-000125-0026,2.5,1.0,0.0,2.0
TEST-000125-0027,3.5,4.5,0.6666666666666666,4.5
TEST-000125-0028,2.5,1.0,0.0,4.0
TEST-000125-0029,3.5,4.5,1.0,4.5
TEST-000126-0001,4.5,4.0,5.0,5.0
TEST-000127-0001,4.8,4.0,4.5,5.0
TEST-000127-0002,2.0,4.75,3.75,2.0
TEST-000127-0003,1.0,4.333333333333333,4.0,4.0
TEST-000127-0004,3.0,2.0,2.0,1.0
TEST-000127-0005,2.0,1.0,0.5,0.1666666666666666
TEST-000127-0006,2.0,1.0,0.0,2.0
TEST-000127-0007,2.5,2.0,1.0,3.0
TEST-000127-0008,2.5,2.0,3.0,1.0
TEST-000127-0009,3.5,2.5,4.5,1.0
TEST-000127-0010,2.5,4.5,3.0,1.0
TEST-000127-0011,3.5,1.0,0.5,2.5
TEST-000127-0012,1.0,4.5,3.5,1.0
TEST-000127-0013,3.5,2.0,1.0,2.0
TEST-000127-0014,2.5,2.0,0.5,0.0
TEST-000127-0015,3.5,2.333333333333333,3.5,3.0
TEST-000127-0016,3.5,3.0,3.5,4.0
TEST-000127-0017,4.5,3.0,4.5,4.0
TEST-000127-0018,2.5,3.0,3.5,5.0
TEST-000127-0019,4.5,3.0,4.75,4.0
TEST-000127-0020,1.0,1.0,2.5,1.0
TEST-000127-0021,2.0,1.0,0.0,0.0
TEST-000127-0022,4.5,4.0,0.0,4.0
TEST-000127-0023,4.0,4.0,1.0,4.0
TEST-000127-0024,2.5,4.0,3.5,4.0
TEST-000127-0025,3.5,3.0,3.0,4.0
TEST-000127-0026,2.5,3.0,2.0,1.0
TEST-000127-0027,2.5,1.0,0.6666666666666666,0.0
TEST-000127-0028,3.5,1.0,0.6666666666666666,2.0
TEST-000127-0029,2.5,1.0,0.0,0.0
TEST-000127-0030,2.5,1.0,0.0,0.3333333333333333
TEST-000127-0031,2.5,1.0,0.0,2.0
TEST-000127-0032,3.5,1.0,0.6666666666666666,2.0
TEST-000127-0033,3.5,1.0,1.0,3.0
TEST-000127-0034,3.5,1.0,0.0,0.0
TEST-000127-0035,3.5,1.0,0.0,2.0
TEST-000127-0036,3.5,1.0,0.0,0.0
TEST-000128-0001,3.0,4.0,4.0,4.0
TEST-000128-0002,4.25,4.5,4.5,4.5
TEST-000128-0003,3.25,4.5,4.0,4.0
TEST-000128-0004,3.5,4.5,4.5,4.5
TEST-000128-0005,0.25,4.75,2.0,1.0
TEST-000128-0006,3.25,4.5,3.5,1.0
TEST-000128-0007,4.25,4.75,4.0,5.0
TEST-000128-0008,4.25,4.75,3.5,4.5
TEST-000128-0009,2.25,4.75,4.0,1.0
TEST-000128-0010,4.25,4.75,4.5,4.5
TEST-000128-0011,0.5,0.75,1.0,1.0
TEST-000128-0012,2.25,4.75,3.5,4.5
TEST-000128-0013,0.5,4.75,1.0,1.0
TEST-000128-0014,2.5,4.75,3.0,4.5
TEST-000128-0015,2.5,4.75,3.0,5.0
TEST-000128-0016,3.25,4.75,3.0,4.5
TEST-000129-0001,3.5,3.0,4.0,1.0
TEST-000130-0001,4.5,4.25,4.5,5.0
TEST-000130-0002,4.5,2.0,5.0,5.0
TEST-000130-0003,4.25,3.0,4.0,4.0
TEST-000130-0004,0.25,1.0,1.0,0.0
TEST-000130-0005,4.5,4.25,4.5,3.5
TEST-000130-0006,1.25,3.0,2.0,3.0
TEST-000130-0007,4.5,3.0,4.5,4.0
TEST-000130-0008,2.5,4.0,3.5,2.0
TEST-000130-0009,4.25,4.25,4.5,4.75
TEST-000130-0010,3.5,3.5,4.5,3.5
TEST-000130-0011,4.25,4.25,4.5,4.75
TEST-000130-0012,3.0,1.0,2.0,1.0
TEST-000130-0013,4.25,4.0,4.5,4.75
TEST-000130-0014,1.5,2.0,3.75,1.0
TEST-000130-0015,4.25,4.0,4.5,5.0
TEST-000130-0016,2.5,2.5,4.5,2.0
TEST-000130-0017,4.25,4.25,4.5,4.75
TEST-000130-0018,2.5,2.0,3.5,1.0
TEST-000130-0019,4.5,4.25,4.5,4.5
TEST-000130-0020,1.5,2.5,3.5,1.0
TEST-000130-0021,4.5,4.25,4.0,3.5
TEST-000130-0022,2.5,2.5,3.5,2.0
TEST-000130-0023,4.5,4.25,4.5,4.5
TEST-000130-0024,4.0,1.0,1.0,5.0
TEST-000130-0025,4.5,1.0,1.0,5.0
TEST-000130-0026,2.5,4.0,1.0,2.0
TEST-000130-0027,4.5,4.0,1.0,5.0
TEST-000131-0001,4.0,3.0,4.5,5.0
TEST-000132-0001,1.0,4.5,4.0,1.0
TEST-000133-0001,2.0,1.0,2.5,1.0
TEST-000134-0001,2.0,2.0,2.0,1.0
TEST-000135-0001,2.0,0.0,1.0,3.0
TEST-000136-0001,4.0,4.25,4.5,4.0
TEST-000136-0002,4.5,3.0,4.75,5.0
TEST-000136-0003,4.5,4.5,4.75,4.75
TEST-000136-0004,2.0,2.0,4.0,2.0
TEST-000136-0005,3.5,4.5,4.75,3.5
TEST-000136-0006,2.0,3.0,3.5,1.0
TEST-000136-0007,4.5,3.5,4.75,3.5
TEST-000136-0008,1.0,2.0,1.0,1.0
TEST-000136-0009,4.5,4.25,4.75,3.5
TEST-000136-0010,1.0,1.0,0.0,1.0
TEST-000136-0011,4.5,3.5,4.75,2.0
TEST-000136-0012,2.0,2.0,4.0,4.0
TEST-000136-0013,4.5,3.5,4.75,3.5
TEST-000136-0014,1.0,1.0,3.0,1.0
TEST-000136-0015,4.5,3.5,4.75,1.0
TEST-000136-0016,2.0,2.333333333333333,2.5,4.0
TEST-000136-0017,4.5,4.25,4.75,3.75
TEST-000136-0018,2.0,2.0,3.5,1.0
TEST-000136-0019,4.5,3.5,4.75,4.75
TEST-000136-0020,1.0,1.0,0.0,1.0
TEST-000136-0021,4.5,4.5,4.75,1.0
TEST-000136-0022,2.0,2.5,4.25,1.0
TEST-000136-0023,3.5,3.5,4.25,3.5
TEST-000136-0024,1.0,1.0,0.0,1.0
TEST-000136-0025,4.5,4.25,4.75,3.75
TEST-000136-0026,2.0,2.0,2.0,1.0
TEST-000136-0027,4.5,3.5,3.5,3.5
TEST-000136-0028,2.0,2.5,0.0,1.0
TEST-000136-0029,4.5,4.25,4.75,4.75
TEST-000136-0030,2.0,2.0,2.0,1.0
TEST-000136-0031,4.5,3.5,3.5,4.75
TEST-000136-0032,2.0,2.5,4.0,3.0
TEST-000136-0033,3.5,3.5,4.25,4.75
TEST-000136-0034,3.5,2.5,0.0,4.75
TEST-000136-0035,4.5,4.25,4.75,4.75
TEST-000137-0001,4.5,4.0,0.8333333333333334,3.0
TEST-000137-0002,4.75,4.5,0.8333333333333334,4.5
TEST-000137-0003,1.0,2.0,0.6666666666666666,2.0
TEST-000138-0001,1.0,2.5,1.0,1.0
TEST-000139-0001,1.0,5.0,0.0,0.8333333333333334
TEST-000140-0001,4.5,1.0,0.0,4.0
TEST-000140-0002,2.5,4.0,0.6666666666666666,3.0
TEST-000140-0003,2.0,1.0,1.0,3.0
TEST-000140-0004,2.5,3.0,1.0,3.0
TEST-000140-0005,3.5,1.0,0.5,1.0
TEST-000140-0006,2.5,4.0,0.5,1.0
TEST-000140-0007,4.5,1.0,1.0,4.0
TEST-000140-0008,3.5,1.0,0.5,3.0
TEST-000140-0009,4.5,0.0,1.0,4.0
TEST-000140-0010,4.5,3.0,1.0,3.0
TEST-000140-0011,3.0,1.0,0.0,4.0
TEST-000140-0012,4.5,3.0,0.8571428571428571,4.0
TEST-000140-0013,1.0,1.0,0.0,1.0
TEST-000140-0014,3.0,1.0,0.1666666666666666,1.0
TEST-000140-0015,3.0,1.0,0.5,1.0
TEST-000140-0016,1.0,4.0,0.5,1.0
TEST-000140-0017,3.0,1.0,0.0,4.0
TEST-000140-0018,3.0,1.0,0.5,3.0
TEST-000140-0019,3.0,1.0,0.6666666666666666,1.0
TEST-000140-0020,3.0,3.0,0.6666666666666666,3.0
TEST-000140-0021,2.0,1.0,0.0,1.0
TEST-000140-0022,4.5,1.0,0.5,4.0
TEST-000140-0023,2.0,1.0,0.0,1.0
TEST-000140-0024,4.5,3.5,1.0,2.0
TEST-000140-0025,1.0,3.5,0.0,1.0
TEST-000140-0026,3.0,1.0,1.0,2.0
TEST-000140-0027,4.0,1.0,1.0,4.0
TEST-000140-0028,4.5,3.5,0.6666666666666666,3.0
TEST-000140-0029,3.5,1.0,1.0,2.0
TEST-000140-0030,1.0,1.0,0.0,0.0
TEST-000140-0031,1.5,1.0,0.3333333333333333,0.1666666666666666
TEST-000140-0032,4.5,3.5,0.6666666666666666,4.0
TEST-000141-0001,4.5,3.5,4.5,3.5
TEST-000142-0001,1.5,4.333333333333333,3.0,1.0
TEST-000142-0002,4.25,3.0,4.5,4.5
TEST-000142-0003,2.5,3.0,4.0,1.0
TEST-000143-0001,1.0,1.0,1.0,1.0
TEST-000144-0001,4.25,3.0,4.5,4.0
TEST-000145-0001,3.5,2.5,4.0,3.0
TEST-000146-0001,0.25,1.0,0.0,1.0
TEST-000146-0002,3.0,1.0,0.2,3.0
TEST-000146-0003,2.0,1.0,0.2,1.0
TEST-000146-0004,2.0,3.0,0.6666666666666666,1.0
TEST-000146-0005,2.0,1.0,0.0,1.0
TEST-000146-0006,3.5,4.0,0.6,4.5
TEST-000146-0007,1.0,3.0,0.5,2.0
TEST-000146-0008,3.0,1.0,0.0,4.0
TEST-000146-0009,2.0,1.0,0.5,2.0
TEST-000146-0010,3.5,1.0,0.0,2.0
TEST-000146-0011,4.0,1.0,1.0,4.0
TEST-000146-0012,2.0,4.0,0.6666666666666666,2.0
TEST-000146-0013,1.0,1.0,0.0,1.0
TEST-000146-0014,3.0,1.0,0.0,2.0
TEST-000146-0015,1.0,1.0,0.0,5.0
TEST-000146-0016,3.5,4.0,0.0,4.0
TEST-000146-0017,1.0,1.0,0.0,0.0
TEST-000146-0018,3.5,3.5,0.5,0.0
TEST-000146-0019,2.0,2.5,0.0,2.0
TEST-000146-0020,2.0,1.0,0.0,0.0
TEST-000146-0021,2.0,1.0,0.0,2.0
TEST-000146-0022,4.5,4.5,1.0,4.5
TEST-000146-0023,1.0,1.0,0.0,0.0
TEST-000146-0024,3.5,1.0,0.0,4.0
TEST-000146-0025,1.0,5.0,0.0,0.0
TEST-000146-0026,2.0,2.0,0.0,1.0
TEST-000147-0001,2.5,2.0,3.5,2.0
TEST-000147-0002,3.75,1.0,0.8571428571428571,3.5
TEST-000147-0003,2.5,1.0,0.5,0.2
TEST-000148-0001,4.5,4.5,4.75,4.5
TEST-000148-0002,4.25,4.333333333333333,4.5,4.5
TEST-000148-0003,4.5,4.333333333333333,4.5,4.5
TEST-000148-0004,3.5,3.5,3.0,2.5
TEST-000148-0005,4.5,4.0,4.5,3.5
TEST-000148-0006,3.0,1.0,1.0,1.0
TEST-000148-0007,2.5,2.0,2.5,1.0
TEST-000148-0008,1.0,1.0,1.0,1.0
TEST-000148-0009,3.5,4.0,2.5,1.0
TEST-000148-0010,2.5,1.0,2.5,1.0
TEST-000148-0011,4.5,4.0,4.5,5.0
TEST-000148-0012,1.5,1.0,4.5,1.0
TEST-000148-0013,4.5,4.0,4.5,2.0
TEST-000148-0014,3.0,1.0,3.75,1.0
TEST-000148-0015,4.5,2.0,4.5,3.5
TEST-000148-0016,3.0,1.0,2.0,1.0
TEST-000148-0017,4.5,2.0,4.5,3.5
TEST-000148-0018,3.0,1.0,1.0,1.0
TEST-000148-0019,4.9,4.5,4.75,5.0
TEST-000148-0020,2.5,1.0,4.5,1.0
TEST-000148-0021,4.5,4.5,4.75,4.5
TEST-000148-0022,3.0,1.0,3.75,1.0
TEST-000148-0023,3.5,2.0,4.5,2.0
TEST-000148-0024,1.5,1.0,4.5,1.0
TEST-000148-0025,2.5,2.0,4.5,2.0
TEST-000148-0026,1.5,2.0,4.5,1.0
TEST-000148-0027,3.5,2.0,4.5,2.0
TEST-000148-0028,2.5,2.0,3.75,2.0
TEST-000148-0029,4.5,4.0,4.5,4.5
TEST-000148-0030,2.5,1.0,3.75,1.0
TEST-000148-0031,2.5,2.0,3.75,2.0
TEST-000149-0001,4.75,4.666666666666667,4.5,4.5
TEST-000150-0001,4.75,4.0,4.75,4.5
TEST-000150-0002,1.0,4.0,0.5,0.5
TEST-000150-0003,4.75,4.5,1.0,4.5
TEST-000150-0004,1.0,1.0,0.5,1.0
TEST-000150-0005,4.5,4.5,1.0,4.5
TEST-000150-0006,2.0,1.0,1.0,2.0
TEST-000150-0007,4.5,3.0,1.0,2.5
TEST-000150-0008,4.5,4.5,5.0,2.0
TEST-000150-0009,4.5,4.0,4.5,4.0
TEST-000150-0010,3.5,4.0,4.0,1.0
TEST-000150-0011,4.5,4.5,1.0,4.5
TEST-000150-0012,1.0,2.0,0.0,0.0
TEST-000150-0013,4.5,4.0,0.5,4.5
TEST-000150-0014,1.5,0.5,2.0,0.0
TEST-000150-0015,4.5,4.0,4.5,4.0
TEST-000150-0016,1.0,1.0,0.0,1.0
TEST-000150-0017,4.5,1.0,1.0,5.0
TEST-000150-0018,1.0,1.0,0.0,1.0
TEST-000150-0019,4.5,4.0,1.0,5.0
TEST-000150-0020,4.5,4.5,0.0,2.5
TEST-000150-0021,4.5,1.0,0.5,2.5
TEST-000150-0022,3.5,1.0,0.0,0.0
TEST-000150-0023,4.5,4.0,0.5,4.5
TEST-000150-0024,2.0,1.0,0.0,1.0
TEST-000150-0025,4.5,4.0,4.5,4.5
TEST-000150-0026,3.5,1.0,0.0,2.0
TEST-000150-0027,4.5,1.0,0.5,4.5
TEST-000150-0028,3.5,0.0,0.0,0.0
TEST-000150-0029,4.5,4.0,1.0,4.5
TEST-000150-0030,4.5,3.0,0.0,4.5
TEST-000150-0031,4.5,1.0,0.0,4.5
TEST-000151-0001,3.5,2.0,4.5,4.0
TEST-000151-0002,2.0,4.25,3.5,2.0
TEST-000151-0003,3.5,4.0,4.5,4.5
TEST-000151-0004,1.0,1.0,0.5,2.0
TEST-000151-0005,3.5,4.5,1.0,4.0
TEST-000151-0006,2.5,4.5,0.3333333333333333,2.0
TEST-000151-0007,1.5,3.0,2.5,2.0
TEST-000151-0008,3.5,3.5,3.5,4.5
TEST-000151-0009,2.5,0.0,4.5,2.0
TEST-000151-0010,2.0,0.0,0.0,2.0
TEST-000151-0011,2.5,4.0,4.5,2.5
TEST-000151-0012,3.0,1.0,1.0,1.0
TEST-000151-0013,2.5,1.0,2.0,4.5
TEST-000151-0014,3.0,0.0,4.5,2.0
TEST-000151-0015,2.5,4.5,4.5,4.5
TEST-000151-0016,1.0,0.0,0.0,2.0
TEST-000151-0017,4.5,4.666666666666667,4.5,4.5
TEST-000151-0018,1.5,4.666666666666667,0.5,3.0
TEST-000151-0019,4.5,2.0,4.5,5.0
TEST-000151-0020,2.0,4.5,4.5,2.0
TEST-000151-0021,4.5,4.666666666666667,4.5,5.0
TEST-000151-0022,1.0,1.0,0.0,1.0
TEST-000151-0023,4.5,5.0,4.5,5.0
TEST-000151-0024,1.0,1.0,0.0,1.0
TEST-000151-0025,4.5,5.0,4.5,5.0
TEST-000151-0026,1.0,2.0,0.0,2.0
TEST-000151-0027,4.5,1.0,4.5,4.0
TEST-000151-0028,1.0,1.0,2.0,1.0
TEST-000151-0029,4.5,4.5,4.5,5.0
TEST-000151-0030,2.0,1.0,1.0,0.0
TEST-000151-0031,4.5,2.0,4.5,4.0
TEST-000151-0032,2.0,1.0,1.0,5.0
TEST-000151-0033,4.5,1.0,1.0,5.0
TEST-000152-0001,3.5,2.5,4.0,3.0
TEST-000153-0001,1.0,2.5,3.5,2.0
TEST-000153-0002,2.5,4.5,4.75,1.0
TEST-000153-0003,4.75,4.5,4.75,4.25
TEST-000153-0004,4.5,4.5,4.75,4.5
TEST-000153-0005,4.75,4.5,4.75,4.5
TEST-000153-0006,1.0,1.0,0.0,1.0
TEST-000153-0007,2.5,3.0,3.75,3.5
TEST-000154-0001,3.75,2.0,4.0,3.0
TEST-000155-0001,4.5,4.0,3.5,4.5
TEST-000156-0001,3.5,1.0,4.0,1.0
TEST-000157-0001,1.5,1.0,2.5,1.0
TEST-000158-0001,2.0,2.0,4.0,1.0
TEST-000158-0002,3.75,1.0,3.0,2.5
TEST-000158-0003,2.5,1.0,0.5,0.0
TEST-000159-0001,3.5,4.5,4.5,1.0
TEST-000159-0002,4.5,2.0,4.0,3.0
TEST-000159-0003,4.8,4.25,4.5,3.5
TEST-000160-0001,4.5,2.0,5.0,1.0
